-- seed_workout.sql — GENERATED by scripts/build-workout-seed.mjs. Do NOT edit by hand.
-- Idempotent: re-running upserts in place. Apply via Supabase SQL editor or db push.

-- ===== Exercises =====
insert into public.exercises (id, code, title, name_uz, category, equipment_tier, progression_tier, progression_group, target_muscles, injury_knee_safe, injury_back_safe, injury_shoulder_safe, cues_uz, default_sets_reps) values ('e6b0e55b-0237-550d-9acb-6b6f6ddb568e', 'wu001', 'Arm Circles', 'Qo''l aylantirish', 'warmup', 'bodyweight', 1, 'warmup_upper', '{"shoulders"}', true, true, true, 'Qo''llarni yon tomonga yoyib, kichik aylanadan boshlab kattalashtirib boring', '1 x 20 sek (har tomon)') on conflict (code) do update set title=excluded.title, name_uz=excluded.name_uz, category=excluded.category, equipment_tier=excluded.equipment_tier, progression_tier=excluded.progression_tier, progression_group=excluded.progression_group, target_muscles=excluded.target_muscles, injury_knee_safe=excluded.injury_knee_safe, injury_back_safe=excluded.injury_back_safe, injury_shoulder_safe=excluded.injury_shoulder_safe, cues_uz=excluded.cues_uz, default_sets_reps=excluded.default_sets_reps;
insert into public.exercises (id, code, title, name_uz, category, equipment_tier, progression_tier, progression_group, target_muscles, injury_knee_safe, injury_back_safe, injury_shoulder_safe, cues_uz, default_sets_reps) values ('404732f9-59af-5732-9d3c-02b4aa0862d6', 'wu002', 'Leg Swings', 'Oyoq silkitish', 'warmup', 'bodyweight', 1, 'warmup_lower', '{"hips","hamstrings"}', true, true, true, 'Devorga tutinib, oyoqni oldinga-orqaga erkin silkiting', '1 x 10 (har oyoq)') on conflict (code) do update set title=excluded.title, name_uz=excluded.name_uz, category=excluded.category, equipment_tier=excluded.equipment_tier, progression_tier=excluded.progression_tier, progression_group=excluded.progression_group, target_muscles=excluded.target_muscles, injury_knee_safe=excluded.injury_knee_safe, injury_back_safe=excluded.injury_back_safe, injury_shoulder_safe=excluded.injury_shoulder_safe, cues_uz=excluded.cues_uz, default_sets_reps=excluded.default_sets_reps;
insert into public.exercises (id, code, title, name_uz, category, equipment_tier, progression_tier, progression_group, target_muscles, injury_knee_safe, injury_back_safe, injury_shoulder_safe, cues_uz, default_sets_reps) values ('45632068-9f8c-572f-86be-087fd821e7a5', 'wu003', 'Cat-Cow', 'Mushuk-sigir harakati', 'warmup', 'bodyweight', 1, 'warmup_spine', '{"spine","core"}', false, true, true, 'To''rt oyoqlab turib, nafas olishda orqani egib, nafas chiqarishda dumalatib', '1 x 10 takror') on conflict (code) do update set title=excluded.title, name_uz=excluded.name_uz, category=excluded.category, equipment_tier=excluded.equipment_tier, progression_tier=excluded.progression_tier, progression_group=excluded.progression_group, target_muscles=excluded.target_muscles, injury_knee_safe=excluded.injury_knee_safe, injury_back_safe=excluded.injury_back_safe, injury_shoulder_safe=excluded.injury_shoulder_safe, cues_uz=excluded.cues_uz, default_sets_reps=excluded.default_sets_reps;
insert into public.exercises (id, code, title, name_uz, category, equipment_tier, progression_tier, progression_group, target_muscles, injury_knee_safe, injury_back_safe, injury_shoulder_safe, cues_uz, default_sets_reps) values ('1826e977-1539-5c69-8e52-d407cc895f8b', 'wu004', 'Jumping Jacks', 'Sakrab qo''l-oyoq yoyish', 'warmup', 'bodyweight', 1, 'warmup_cardio', '{"full_body"}', false, true, true, 'Sakrab oyoqlarni yonga, qo''llarni yuqoriga olib boring', '1 x 30 sek') on conflict (code) do update set title=excluded.title, name_uz=excluded.name_uz, category=excluded.category, equipment_tier=excluded.equipment_tier, progression_tier=excluded.progression_tier, progression_group=excluded.progression_group, target_muscles=excluded.target_muscles, injury_knee_safe=excluded.injury_knee_safe, injury_back_safe=excluded.injury_back_safe, injury_shoulder_safe=excluded.injury_shoulder_safe, cues_uz=excluded.cues_uz, default_sets_reps=excluded.default_sets_reps;
insert into public.exercises (id, code, title, name_uz, category, equipment_tier, progression_tier, progression_group, target_muscles, injury_knee_safe, injury_back_safe, injury_shoulder_safe, cues_uz, default_sets_reps) values ('4dfb30c4-3a5f-5e7b-b8e9-b7cccc315a1d', 'wu005', 'High Knees (walk)', 'Tizzani ko''tarib yurish', 'warmup', 'bodyweight', 1, 'warmup_cardio', '{"hip_flexors"}', true, true, true, 'Joyida yurib tizzani belgacha ko''taring', '1 x 20 sek') on conflict (code) do update set title=excluded.title, name_uz=excluded.name_uz, category=excluded.category, equipment_tier=excluded.equipment_tier, progression_tier=excluded.progression_tier, progression_group=excluded.progression_group, target_muscles=excluded.target_muscles, injury_knee_safe=excluded.injury_knee_safe, injury_back_safe=excluded.injury_back_safe, injury_shoulder_safe=excluded.injury_shoulder_safe, cues_uz=excluded.cues_uz, default_sets_reps=excluded.default_sets_reps;
insert into public.exercises (id, code, title, name_uz, category, equipment_tier, progression_tier, progression_group, target_muscles, injury_knee_safe, injury_back_safe, injury_shoulder_safe, cues_uz, default_sets_reps) values ('ed3eabdb-04d3-534a-b377-4c083f141e14', 'wu006', 'Hip Circles', 'Son aylantirish', 'warmup', 'bodyweight', 1, 'warmup_lower', '{"hips"}', true, true, true, 'Qo''lni belga qo''yib, sonni katta doira qilib aylantiring', '1 x 10 (har tomon)') on conflict (code) do update set title=excluded.title, name_uz=excluded.name_uz, category=excluded.category, equipment_tier=excluded.equipment_tier, progression_tier=excluded.progression_tier, progression_group=excluded.progression_group, target_muscles=excluded.target_muscles, injury_knee_safe=excluded.injury_knee_safe, injury_back_safe=excluded.injury_back_safe, injury_shoulder_safe=excluded.injury_shoulder_safe, cues_uz=excluded.cues_uz, default_sets_reps=excluded.default_sets_reps;
insert into public.exercises (id, code, title, name_uz, category, equipment_tier, progression_tier, progression_group, target_muscles, injury_knee_safe, injury_back_safe, injury_shoulder_safe, cues_uz, default_sets_reps) values ('e786b59b-9645-563f-a17f-204570542828', 'wu007', 'Shoulder Rolls', 'Yelka aylantirish', 'warmup', 'bodyweight', 1, 'warmup_upper', '{"shoulders"}', true, true, true, 'Yelkalarni orqaga aylantirib, asta kattalashtirib boring', '1 x 10 takror') on conflict (code) do update set title=excluded.title, name_uz=excluded.name_uz, category=excluded.category, equipment_tier=excluded.equipment_tier, progression_tier=excluded.progression_tier, progression_group=excluded.progression_group, target_muscles=excluded.target_muscles, injury_knee_safe=excluded.injury_knee_safe, injury_back_safe=excluded.injury_back_safe, injury_shoulder_safe=excluded.injury_shoulder_safe, cues_uz=excluded.cues_uz, default_sets_reps=excluded.default_sets_reps;
insert into public.exercises (id, code, title, name_uz, category, equipment_tier, progression_tier, progression_group, target_muscles, injury_knee_safe, injury_back_safe, injury_shoulder_safe, cues_uz, default_sets_reps) values ('e5c367fb-2a98-50ae-a502-6ac17c8a5cf8', 'wu008', 'Bodyweight Squat (warm-up pace)', 'Squat (isinish tezligida)', 'warmup', 'bodyweight', 1, 'warmup_lower', '{"quads","glutes"}', true, true, true, 'Sekin tempda, og''irliksiz squat bajaring, faqat tana isishi uchun', '1 x 15 takror') on conflict (code) do update set title=excluded.title, name_uz=excluded.name_uz, category=excluded.category, equipment_tier=excluded.equipment_tier, progression_tier=excluded.progression_tier, progression_group=excluded.progression_group, target_muscles=excluded.target_muscles, injury_knee_safe=excluded.injury_knee_safe, injury_back_safe=excluded.injury_back_safe, injury_shoulder_safe=excluded.injury_shoulder_safe, cues_uz=excluded.cues_uz, default_sets_reps=excluded.default_sets_reps;
insert into public.exercises (id, code, title, name_uz, category, equipment_tier, progression_tier, progression_group, target_muscles, injury_knee_safe, injury_back_safe, injury_shoulder_safe, cues_uz, default_sets_reps) values ('ea691eb6-9c59-5809-b82c-0bf47c9248c9', 'ms001', 'Child''s Pose Stretch', 'Bola pozasi', 'mobility_stretch', 'bodyweight', 1, 'stretch_back', '{"lower_back","hips"}', false, true, true, 'Tizza ustida o''tirib, qo''llarni oldinga uzatib egiling', '1 x 30 sek') on conflict (code) do update set title=excluded.title, name_uz=excluded.name_uz, category=excluded.category, equipment_tier=excluded.equipment_tier, progression_tier=excluded.progression_tier, progression_group=excluded.progression_group, target_muscles=excluded.target_muscles, injury_knee_safe=excluded.injury_knee_safe, injury_back_safe=excluded.injury_back_safe, injury_shoulder_safe=excluded.injury_shoulder_safe, cues_uz=excluded.cues_uz, default_sets_reps=excluded.default_sets_reps;
insert into public.exercises (id, code, title, name_uz, category, equipment_tier, progression_tier, progression_group, target_muscles, injury_knee_safe, injury_back_safe, injury_shoulder_safe, cues_uz, default_sets_reps) values ('50dda5c0-8a74-5986-8336-c026ead2fe51', 'ms002', 'Hamstring Stretch (seated)', 'Son orqasini tarang qilish (o''tirib)', 'mobility_stretch', 'bodyweight', 1, 'stretch_legs', '{"hamstrings"}', true, true, true, 'Oyoqni tekis cho''zib, tovonga qarab egiling', '1 x 30 sek (har oyoq)') on conflict (code) do update set title=excluded.title, name_uz=excluded.name_uz, category=excluded.category, equipment_tier=excluded.equipment_tier, progression_tier=excluded.progression_tier, progression_group=excluded.progression_group, target_muscles=excluded.target_muscles, injury_knee_safe=excluded.injury_knee_safe, injury_back_safe=excluded.injury_back_safe, injury_shoulder_safe=excluded.injury_shoulder_safe, cues_uz=excluded.cues_uz, default_sets_reps=excluded.default_sets_reps;
insert into public.exercises (id, code, title, name_uz, category, equipment_tier, progression_tier, progression_group, target_muscles, injury_knee_safe, injury_back_safe, injury_shoulder_safe, cues_uz, default_sets_reps) values ('f7a74d3a-036a-5da1-b807-27c8c6d87613', 'ms003', 'Quad Stretch (standing)', 'Son oldini tarang qilish (tik turib)', 'mobility_stretch', 'bodyweight', 1, 'stretch_legs', '{"quads"}', false, true, true, 'Tovonni qo''lda tutib dumbaga tortib turing', '1 x 30 sek (har oyoq)') on conflict (code) do update set title=excluded.title, name_uz=excluded.name_uz, category=excluded.category, equipment_tier=excluded.equipment_tier, progression_tier=excluded.progression_tier, progression_group=excluded.progression_group, target_muscles=excluded.target_muscles, injury_knee_safe=excluded.injury_knee_safe, injury_back_safe=excluded.injury_back_safe, injury_shoulder_safe=excluded.injury_shoulder_safe, cues_uz=excluded.cues_uz, default_sets_reps=excluded.default_sets_reps;
insert into public.exercises (id, code, title, name_uz, category, equipment_tier, progression_tier, progression_group, target_muscles, injury_knee_safe, injury_back_safe, injury_shoulder_safe, cues_uz, default_sets_reps) values ('7599d168-4a76-5d09-8606-b83ce4a9910a', 'ms004', 'Chest Doorway Stretch', 'Ko''krak cho''zish (eshik oldida)', 'mobility_stretch', 'bodyweight', 1, 'stretch_upper', '{"chest","shoulders"}', true, true, false, 'Qo''lni devorga tirab, tanani asta oldinga buring', '1 x 30 sek (har tomon)') on conflict (code) do update set title=excluded.title, name_uz=excluded.name_uz, category=excluded.category, equipment_tier=excluded.equipment_tier, progression_tier=excluded.progression_tier, progression_group=excluded.progression_group, target_muscles=excluded.target_muscles, injury_knee_safe=excluded.injury_knee_safe, injury_back_safe=excluded.injury_back_safe, injury_shoulder_safe=excluded.injury_shoulder_safe, cues_uz=excluded.cues_uz, default_sets_reps=excluded.default_sets_reps;
insert into public.exercises (id, code, title, name_uz, category, equipment_tier, progression_tier, progression_group, target_muscles, injury_knee_safe, injury_back_safe, injury_shoulder_safe, cues_uz, default_sets_reps) values ('b26cfd56-68ae-5f6e-bbe3-b33b6ef28c55', 'ms005', 'Cobra Stretch', 'Kobra pozasi', 'mobility_stretch', 'bodyweight', 1, 'stretch_back', '{"lower_back","abs"}', true, false, true, 'Qorinda yotib, qo''llarga tayanib ko''krakni ko''taring', '1 x 30 sek') on conflict (code) do update set title=excluded.title, name_uz=excluded.name_uz, category=excluded.category, equipment_tier=excluded.equipment_tier, progression_tier=excluded.progression_tier, progression_group=excluded.progression_group, target_muscles=excluded.target_muscles, injury_knee_safe=excluded.injury_knee_safe, injury_back_safe=excluded.injury_back_safe, injury_shoulder_safe=excluded.injury_shoulder_safe, cues_uz=excluded.cues_uz, default_sets_reps=excluded.default_sets_reps;
insert into public.exercises (id, code, title, name_uz, category, equipment_tier, progression_tier, progression_group, target_muscles, injury_knee_safe, injury_back_safe, injury_shoulder_safe, cues_uz, default_sets_reps) values ('9684cec8-556b-5a48-922a-e26c9186eb44', 'ms006', 'Pigeon Pose', 'Kaptar pozasi', 'mobility_stretch', 'bodyweight', 2, 'stretch_hips', '{"hips","glutes"}', false, true, true, 'Old oyoqni bukib, orqa oyoqni orqaga uzatib o''tiring', '1 x 45 sek (har tomon)') on conflict (code) do update set title=excluded.title, name_uz=excluded.name_uz, category=excluded.category, equipment_tier=excluded.equipment_tier, progression_tier=excluded.progression_tier, progression_group=excluded.progression_group, target_muscles=excluded.target_muscles, injury_knee_safe=excluded.injury_knee_safe, injury_back_safe=excluded.injury_back_safe, injury_shoulder_safe=excluded.injury_shoulder_safe, cues_uz=excluded.cues_uz, default_sets_reps=excluded.default_sets_reps;
insert into public.exercises (id, code, title, name_uz, category, equipment_tier, progression_tier, progression_group, target_muscles, injury_knee_safe, injury_back_safe, injury_shoulder_safe, cues_uz, default_sets_reps) values ('01711053-489c-5b00-96fb-513d689dc3ac', 'ms007', 'Foam Rolling — Quads/Back', 'Massaj g''altagi bilan ishlash', 'mobility_stretch', 'dumbbell_band', 1, 'foam_rolling', '{"quads","back","it_band"}', true, true, true, 'G''altak ustida sekin oldinga-orqaga harakat qiling, og''riqli nuqtada 10 sek to''xtang', '1 x 60 sek (har zona)') on conflict (code) do update set title=excluded.title, name_uz=excluded.name_uz, category=excluded.category, equipment_tier=excluded.equipment_tier, progression_tier=excluded.progression_tier, progression_group=excluded.progression_group, target_muscles=excluded.target_muscles, injury_knee_safe=excluded.injury_knee_safe, injury_back_safe=excluded.injury_back_safe, injury_shoulder_safe=excluded.injury_shoulder_safe, cues_uz=excluded.cues_uz, default_sets_reps=excluded.default_sets_reps;
insert into public.exercises (id, code, title, name_uz, category, equipment_tier, progression_tier, progression_group, target_muscles, injury_knee_safe, injury_back_safe, injury_shoulder_safe, cues_uz, default_sets_reps) values ('40387dcc-25f6-5bb7-bf90-98296c6f7157', 'ms008', 'Cat-Cow Flow (deep)', 'Mushuk-sigir oqimi (chuqur)', 'mobility_stretch', 'bodyweight', 1, 'stretch_back', '{"spine"}', false, true, true, 'Nafas bilan sinxron, har harakatda 4 soniya tutilib', '1 x 60 sek (uzluksiz)') on conflict (code) do update set title=excluded.title, name_uz=excluded.name_uz, category=excluded.category, equipment_tier=excluded.equipment_tier, progression_tier=excluded.progression_tier, progression_group=excluded.progression_group, target_muscles=excluded.target_muscles, injury_knee_safe=excluded.injury_knee_safe, injury_back_safe=excluded.injury_back_safe, injury_shoulder_safe=excluded.injury_shoulder_safe, cues_uz=excluded.cues_uz, default_sets_reps=excluded.default_sets_reps;
insert into public.exercises (id, code, title, name_uz, category, equipment_tier, progression_tier, progression_group, target_muscles, injury_knee_safe, injury_back_safe, injury_shoulder_safe, cues_uz, default_sets_reps) values ('98e53482-0f93-5e40-a35a-3ec41b6cd171', 'ms009', 'World''s Greatest Stretch', 'Universal cho''zish kombinatsiyasi', 'mobility_stretch', 'bodyweight', 2, 'stretch_full_body', '{"hips","hamstrings","thoracic_spine"}', false, true, true, 'Lunge holatda qo''lni osmonga aylantirib tanani buring', '1 x 5 takror (har tomon)') on conflict (code) do update set title=excluded.title, name_uz=excluded.name_uz, category=excluded.category, equipment_tier=excluded.equipment_tier, progression_tier=excluded.progression_tier, progression_group=excluded.progression_group, target_muscles=excluded.target_muscles, injury_knee_safe=excluded.injury_knee_safe, injury_back_safe=excluded.injury_back_safe, injury_shoulder_safe=excluded.injury_shoulder_safe, cues_uz=excluded.cues_uz, default_sets_reps=excluded.default_sets_reps;
insert into public.exercises (id, code, title, name_uz, category, equipment_tier, progression_tier, progression_group, target_muscles, injury_knee_safe, injury_back_safe, injury_shoulder_safe, cues_uz, default_sets_reps) values ('8b8362e6-cf42-51d2-a814-0a67e0184938', 'sq001', 'Box Squat / Chair Squat', 'Stulga o''tirib turish (Squat)', 'legs', 'bodyweight', 1, 'squat_chain', '{"quads","glutes"}', true, true, true, 'Stulga sekin o''tirib, deyarli tegmasdan yana turing, tizza paypoq uchidan o''tib ketmasin', '3 x 10') on conflict (code) do update set title=excluded.title, name_uz=excluded.name_uz, category=excluded.category, equipment_tier=excluded.equipment_tier, progression_tier=excluded.progression_tier, progression_group=excluded.progression_group, target_muscles=excluded.target_muscles, injury_knee_safe=excluded.injury_knee_safe, injury_back_safe=excluded.injury_back_safe, injury_shoulder_safe=excluded.injury_shoulder_safe, cues_uz=excluded.cues_uz, default_sets_reps=excluded.default_sets_reps;
insert into public.exercises (id, code, title, name_uz, category, equipment_tier, progression_tier, progression_group, target_muscles, injury_knee_safe, injury_back_safe, injury_shoulder_safe, cues_uz, default_sets_reps) values ('f86cb5fa-adab-50b4-8dbe-1ce7088e6219', 'sq002', 'Bodyweight Squat', 'Oddiy Squat', 'legs', 'bodyweight', 1, 'squat_chain', '{"quads","glutes","hamstrings"}', true, true, true, 'Oyoq kifт kengligida, dumbani orqaga tortib pasaying, tizza ichkariga qisilmasin', '3 x 12') on conflict (code) do update set title=excluded.title, name_uz=excluded.name_uz, category=excluded.category, equipment_tier=excluded.equipment_tier, progression_tier=excluded.progression_tier, progression_group=excluded.progression_group, target_muscles=excluded.target_muscles, injury_knee_safe=excluded.injury_knee_safe, injury_back_safe=excluded.injury_back_safe, injury_shoulder_safe=excluded.injury_shoulder_safe, cues_uz=excluded.cues_uz, default_sets_reps=excluded.default_sets_reps;
insert into public.exercises (id, code, title, name_uz, category, equipment_tier, progression_tier, progression_group, target_muscles, injury_knee_safe, injury_back_safe, injury_shoulder_safe, cues_uz, default_sets_reps) values ('d126a4db-b365-570f-94d9-2f5d86b8abca', 'sq003', 'Wall Sit', 'Devorga tirab o''tirish', 'legs', 'bodyweight', 1, 'squat_isometric', '{"quads"}', true, true, true, 'Devorga tirab, tizza 90 darajada bo''lguncha pasaying va shu holatda turing', '3 x 30 sek') on conflict (code) do update set title=excluded.title, name_uz=excluded.name_uz, category=excluded.category, equipment_tier=excluded.equipment_tier, progression_tier=excluded.progression_tier, progression_group=excluded.progression_group, target_muscles=excluded.target_muscles, injury_knee_safe=excluded.injury_knee_safe, injury_back_safe=excluded.injury_back_safe, injury_shoulder_safe=excluded.injury_shoulder_safe, cues_uz=excluded.cues_uz, default_sets_reps=excluded.default_sets_reps;
insert into public.exercises (id, code, title, name_uz, category, equipment_tier, progression_tier, progression_group, target_muscles, injury_knee_safe, injury_back_safe, injury_shoulder_safe, cues_uz, default_sets_reps) values ('2aff8590-5494-5ec4-a046-2d88ddba5a14', 'sq004', 'Goblet Squat', 'Gantel ushlab Squat', 'legs', 'dumbbell_band', 2, 'squat_chain', '{"quads","glutes","core"}', true, true, true, 'Gantelni ko''krak oldida ikki qo''lda ushlab squat bajaring', '3 x 12') on conflict (code) do update set title=excluded.title, name_uz=excluded.name_uz, category=excluded.category, equipment_tier=excluded.equipment_tier, progression_tier=excluded.progression_tier, progression_group=excluded.progression_group, target_muscles=excluded.target_muscles, injury_knee_safe=excluded.injury_knee_safe, injury_back_safe=excluded.injury_back_safe, injury_shoulder_safe=excluded.injury_shoulder_safe, cues_uz=excluded.cues_uz, default_sets_reps=excluded.default_sets_reps;
insert into public.exercises (id, code, title, name_uz, category, equipment_tier, progression_tier, progression_group, target_muscles, injury_knee_safe, injury_back_safe, injury_shoulder_safe, cues_uz, default_sets_reps) values ('7ad1b2e7-a183-5bab-9924-f97328d32ac4', 'sq005', 'Bulgarian Split Squat', 'Bulgar split squat', 'legs', 'dumbbell_band', 2, 'single_leg_chain', '{"quads","glutes"}', false, true, true, 'Orqa oyoqni skameykaga qo''yib, old oyoqda chuqur tushing', '3 x 10 (har oyoq)') on conflict (code) do update set title=excluded.title, name_uz=excluded.name_uz, category=excluded.category, equipment_tier=excluded.equipment_tier, progression_tier=excluded.progression_tier, progression_group=excluded.progression_group, target_muscles=excluded.target_muscles, injury_knee_safe=excluded.injury_knee_safe, injury_back_safe=excluded.injury_back_safe, injury_shoulder_safe=excluded.injury_shoulder_safe, cues_uz=excluded.cues_uz, default_sets_reps=excluded.default_sets_reps;
insert into public.exercises (id, code, title, name_uz, category, equipment_tier, progression_tier, progression_group, target_muscles, injury_knee_safe, injury_back_safe, injury_shoulder_safe, cues_uz, default_sets_reps) values ('d551882b-117c-55c5-8366-166468e9d2ff', 'sq006', 'Barbell Back Squat', 'Shtangali Squat (orqada)', 'legs', 'gym_full', 3, 'squat_chain', '{"quads","glutes","core"}', false, false, true, 'Shtangani yelka ustida tutib, orqa tik, tizza yo''nalishi paypoq bilan bir xil', '4 x 6-8') on conflict (code) do update set title=excluded.title, name_uz=excluded.name_uz, category=excluded.category, equipment_tier=excluded.equipment_tier, progression_tier=excluded.progression_tier, progression_group=excluded.progression_group, target_muscles=excluded.target_muscles, injury_knee_safe=excluded.injury_knee_safe, injury_back_safe=excluded.injury_back_safe, injury_shoulder_safe=excluded.injury_shoulder_safe, cues_uz=excluded.cues_uz, default_sets_reps=excluded.default_sets_reps;
insert into public.exercises (id, code, title, name_uz, category, equipment_tier, progression_tier, progression_group, target_muscles, injury_knee_safe, injury_back_safe, injury_shoulder_safe, cues_uz, default_sets_reps) values ('f1eec487-e027-58fe-a08a-6dcd6a1033e5', 'sq007', 'Front Squat', 'Old Squat (Front Squat)', 'legs', 'gym_full', 3, 'squat_chain', '{"quads","core"}', false, false, false, 'Shtanga yelka oldida, tirsaklar yuqorida, tik tana bilan pasaying', '4 x 6') on conflict (code) do update set title=excluded.title, name_uz=excluded.name_uz, category=excluded.category, equipment_tier=excluded.equipment_tier, progression_tier=excluded.progression_tier, progression_group=excluded.progression_group, target_muscles=excluded.target_muscles, injury_knee_safe=excluded.injury_knee_safe, injury_back_safe=excluded.injury_back_safe, injury_shoulder_safe=excluded.injury_shoulder_safe, cues_uz=excluded.cues_uz, default_sets_reps=excluded.default_sets_reps;
insert into public.exercises (id, code, title, name_uz, category, equipment_tier, progression_tier, progression_group, target_muscles, injury_knee_safe, injury_back_safe, injury_shoulder_safe, cues_uz, default_sets_reps) values ('4d036522-4eb3-5975-9d74-c5c8f3e583e0', 'lg001', 'Glute Bridge', 'Dumba ko''tarish (Glute Bridge)', 'legs', 'bodyweight', 1, 'hip_thrust_chain', '{"glutes","hamstrings"}', true, true, true, 'Yotib, tizzalarni bukib, dumbani yuqoriga ko''tarib siqing', '3 x 15') on conflict (code) do update set title=excluded.title, name_uz=excluded.name_uz, category=excluded.category, equipment_tier=excluded.equipment_tier, progression_tier=excluded.progression_tier, progression_group=excluded.progression_group, target_muscles=excluded.target_muscles, injury_knee_safe=excluded.injury_knee_safe, injury_back_safe=excluded.injury_back_safe, injury_shoulder_safe=excluded.injury_shoulder_safe, cues_uz=excluded.cues_uz, default_sets_reps=excluded.default_sets_reps;
insert into public.exercises (id, code, title, name_uz, category, equipment_tier, progression_tier, progression_group, target_muscles, injury_knee_safe, injury_back_safe, injury_shoulder_safe, cues_uz, default_sets_reps) values ('e5e0432b-72ed-5a3a-8281-2fd83721390a', 'lg002', 'Reverse Lunge', 'Orqaga qadam (Lunge)', 'legs', 'bodyweight', 1, 'lunge_chain', '{"quads","glutes"}', false, true, true, 'Bir oyoqni orqaga qo''yib tizzani yerga yaqinlashtiring', '3 x 10 (har oyoq)') on conflict (code) do update set title=excluded.title, name_uz=excluded.name_uz, category=excluded.category, equipment_tier=excluded.equipment_tier, progression_tier=excluded.progression_tier, progression_group=excluded.progression_group, target_muscles=excluded.target_muscles, injury_knee_safe=excluded.injury_knee_safe, injury_back_safe=excluded.injury_back_safe, injury_shoulder_safe=excluded.injury_shoulder_safe, cues_uz=excluded.cues_uz, default_sets_reps=excluded.default_sets_reps;
insert into public.exercises (id, code, title, name_uz, category, equipment_tier, progression_tier, progression_group, target_muscles, injury_knee_safe, injury_back_safe, injury_shoulder_safe, cues_uz, default_sets_reps) values ('9900140c-f477-5608-8ffe-8ef744d6033d', 'lg003', 'Walking Lunge', 'Yurib Lunge', 'legs', 'bodyweight', 2, 'lunge_chain', '{"quads","glutes"}', false, true, true, 'Oldinga qadam tashlab pasaying, keyin keyingi oyoq bilan davom eting', '3 x 12 (har oyoq)') on conflict (code) do update set title=excluded.title, name_uz=excluded.name_uz, category=excluded.category, equipment_tier=excluded.equipment_tier, progression_tier=excluded.progression_tier, progression_group=excluded.progression_group, target_muscles=excluded.target_muscles, injury_knee_safe=excluded.injury_knee_safe, injury_back_safe=excluded.injury_back_safe, injury_shoulder_safe=excluded.injury_shoulder_safe, cues_uz=excluded.cues_uz, default_sets_reps=excluded.default_sets_reps;
insert into public.exercises (id, code, title, name_uz, category, equipment_tier, progression_tier, progression_group, target_muscles, injury_knee_safe, injury_back_safe, injury_shoulder_safe, cues_uz, default_sets_reps) values ('676e388c-0072-52b2-8945-ee87f512c415', 'lg004', 'Step-Up', 'Skameykaga chiqish (Step-up)', 'legs', 'bodyweight', 2, 'single_leg_chain', '{"quads","glutes"}', false, true, true, 'Skameykaga bir oyoqda to''liq chiqib, nazorat bilan tushing', '3 x 10 (har oyoq)') on conflict (code) do update set title=excluded.title, name_uz=excluded.name_uz, category=excluded.category, equipment_tier=excluded.equipment_tier, progression_tier=excluded.progression_tier, progression_group=excluded.progression_group, target_muscles=excluded.target_muscles, injury_knee_safe=excluded.injury_knee_safe, injury_back_safe=excluded.injury_back_safe, injury_shoulder_safe=excluded.injury_shoulder_safe, cues_uz=excluded.cues_uz, default_sets_reps=excluded.default_sets_reps;
insert into public.exercises (id, code, title, name_uz, category, equipment_tier, progression_tier, progression_group, target_muscles, injury_knee_safe, injury_back_safe, injury_shoulder_safe, cues_uz, default_sets_reps) values ('1c3578e5-bc07-58aa-9487-d466ae6d4eec', 'lg005', 'Romanian Deadlift (Bodyweight)', 'Romaniya egilishi (jihozsiz)', 'legs', 'bodyweight', 2, 'hinge_chain', '{"hamstrings","glutes","lower_back"}', true, false, true, 'Tizzani yengil bukib, dumbani orqaga tortib tanani egib pasaying', '3 x 12') on conflict (code) do update set title=excluded.title, name_uz=excluded.name_uz, category=excluded.category, equipment_tier=excluded.equipment_tier, progression_tier=excluded.progression_tier, progression_group=excluded.progression_group, target_muscles=excluded.target_muscles, injury_knee_safe=excluded.injury_knee_safe, injury_back_safe=excluded.injury_back_safe, injury_shoulder_safe=excluded.injury_shoulder_safe, cues_uz=excluded.cues_uz, default_sets_reps=excluded.default_sets_reps;
insert into public.exercises (id, code, title, name_uz, category, equipment_tier, progression_tier, progression_group, target_muscles, injury_knee_safe, injury_back_safe, injury_shoulder_safe, cues_uz, default_sets_reps) values ('fd5fa7dd-556e-5f96-894f-15a27c2fe637', 'lg006', 'Dumbbell Romanian Deadlift', 'Gantelli Romaniya egilishi', 'legs', 'dumbbell_band', 2, 'hinge_chain', '{"hamstrings","glutes"}', true, false, true, 'Gantellarni oyoq yonida tutib, orqa tik holda egiling', '3 x 10') on conflict (code) do update set title=excluded.title, name_uz=excluded.name_uz, category=excluded.category, equipment_tier=excluded.equipment_tier, progression_tier=excluded.progression_tier, progression_group=excluded.progression_group, target_muscles=excluded.target_muscles, injury_knee_safe=excluded.injury_knee_safe, injury_back_safe=excluded.injury_back_safe, injury_shoulder_safe=excluded.injury_shoulder_safe, cues_uz=excluded.cues_uz, default_sets_reps=excluded.default_sets_reps;
insert into public.exercises (id, code, title, name_uz, category, equipment_tier, progression_tier, progression_group, target_muscles, injury_knee_safe, injury_back_safe, injury_shoulder_safe, cues_uz, default_sets_reps) values ('5d5ac1a3-848c-52af-90f6-77741fcd3f93', 'lg007', 'Hip Thrust (Dumbbell)', 'Gantelli dumba ko''tarish', 'legs', 'dumbbell_band', 2, 'hip_thrust_chain', '{"glutes"}', true, true, true, 'Yelka skameykada, gantelni qornda tutib dumbani ko''taring', '3 x 12') on conflict (code) do update set title=excluded.title, name_uz=excluded.name_uz, category=excluded.category, equipment_tier=excluded.equipment_tier, progression_tier=excluded.progression_tier, progression_group=excluded.progression_group, target_muscles=excluded.target_muscles, injury_knee_safe=excluded.injury_knee_safe, injury_back_safe=excluded.injury_back_safe, injury_shoulder_safe=excluded.injury_shoulder_safe, cues_uz=excluded.cues_uz, default_sets_reps=excluded.default_sets_reps;
insert into public.exercises (id, code, title, name_uz, category, equipment_tier, progression_tier, progression_group, target_muscles, injury_knee_safe, injury_back_safe, injury_shoulder_safe, cues_uz, default_sets_reps) values ('451d8236-d08a-541e-bbd4-370fb836eb50', 'lg008', 'Barbell Romanian Deadlift', 'Shtangali Romaniya egilishi', 'legs', 'gym_full', 3, 'hinge_chain', '{"hamstrings","glutes","lower_back"}', true, false, true, 'Shtanga oyoqqa yaqin, tizza yengil bukilgan, orqa tik egiling', '4 x 8') on conflict (code) do update set title=excluded.title, name_uz=excluded.name_uz, category=excluded.category, equipment_tier=excluded.equipment_tier, progression_tier=excluded.progression_tier, progression_group=excluded.progression_group, target_muscles=excluded.target_muscles, injury_knee_safe=excluded.injury_knee_safe, injury_back_safe=excluded.injury_back_safe, injury_shoulder_safe=excluded.injury_shoulder_safe, cues_uz=excluded.cues_uz, default_sets_reps=excluded.default_sets_reps;
insert into public.exercises (id, code, title, name_uz, category, equipment_tier, progression_tier, progression_group, target_muscles, injury_knee_safe, injury_back_safe, injury_shoulder_safe, cues_uz, default_sets_reps) values ('e8537794-27c5-5824-8e25-ab25ec69d54a', 'lg009', 'Barbell Hip Thrust', 'Shtangali dumba ko''tarish', 'legs', 'gym_full', 3, 'hip_thrust_chain', '{"glutes"}', true, true, true, 'Yelka skameykaga tirab, shtangani qorinda tutib dumbani siqib ko''taring', '4 x 10') on conflict (code) do update set title=excluded.title, name_uz=excluded.name_uz, category=excluded.category, equipment_tier=excluded.equipment_tier, progression_tier=excluded.progression_tier, progression_group=excluded.progression_group, target_muscles=excluded.target_muscles, injury_knee_safe=excluded.injury_knee_safe, injury_back_safe=excluded.injury_back_safe, injury_shoulder_safe=excluded.injury_shoulder_safe, cues_uz=excluded.cues_uz, default_sets_reps=excluded.default_sets_reps;
insert into public.exercises (id, code, title, name_uz, category, equipment_tier, progression_tier, progression_group, target_muscles, injury_knee_safe, injury_back_safe, injury_shoulder_safe, cues_uz, default_sets_reps) values ('18146ba8-99a0-5d02-b240-fa2850efcef3', 'lg010', 'Leg Press', 'Oyoq itarish trenajori', 'legs', 'gym_full', 2, 'press_chain', '{"quads","glutes"}', false, true, true, 'Platformani oyoq bilan to''liq itarib, tizzani to''liq qisib qo''ymang', '4 x 12') on conflict (code) do update set title=excluded.title, name_uz=excluded.name_uz, category=excluded.category, equipment_tier=excluded.equipment_tier, progression_tier=excluded.progression_tier, progression_group=excluded.progression_group, target_muscles=excluded.target_muscles, injury_knee_safe=excluded.injury_knee_safe, injury_back_safe=excluded.injury_back_safe, injury_shoulder_safe=excluded.injury_shoulder_safe, cues_uz=excluded.cues_uz, default_sets_reps=excluded.default_sets_reps;
insert into public.exercises (id, code, title, name_uz, category, equipment_tier, progression_tier, progression_group, target_muscles, injury_knee_safe, injury_back_safe, injury_shoulder_safe, cues_uz, default_sets_reps) values ('d70ce606-fad2-5c01-8004-839b6cb1e3ef', 'lg011', 'Leg Curl (Machine)', 'Son orqasi trenajori (Leg Curl)', 'legs', 'gym_full', 2, 'isolation_legs', '{"hamstrings"}', true, true, true, 'Yotib oyoqni dumbaga tortib siqing, sekin qaytaring', '3 x 12') on conflict (code) do update set title=excluded.title, name_uz=excluded.name_uz, category=excluded.category, equipment_tier=excluded.equipment_tier, progression_tier=excluded.progression_tier, progression_group=excluded.progression_group, target_muscles=excluded.target_muscles, injury_knee_safe=excluded.injury_knee_safe, injury_back_safe=excluded.injury_back_safe, injury_shoulder_safe=excluded.injury_shoulder_safe, cues_uz=excluded.cues_uz, default_sets_reps=excluded.default_sets_reps;
insert into public.exercises (id, code, title, name_uz, category, equipment_tier, progression_tier, progression_group, target_muscles, injury_knee_safe, injury_back_safe, injury_shoulder_safe, cues_uz, default_sets_reps) values ('e407552e-3e74-5eed-8907-f739613a6efc', 'lg012', 'Leg Extension (Machine)', 'Son oldi trenajori (Leg Extension)', 'legs', 'gym_full', 2, 'isolation_legs', '{"quads"}', false, true, true, 'O''tirib oyoqni to''liq tekislab siqing, sekin tushiring', '3 x 12') on conflict (code) do update set title=excluded.title, name_uz=excluded.name_uz, category=excluded.category, equipment_tier=excluded.equipment_tier, progression_tier=excluded.progression_tier, progression_group=excluded.progression_group, target_muscles=excluded.target_muscles, injury_knee_safe=excluded.injury_knee_safe, injury_back_safe=excluded.injury_back_safe, injury_shoulder_safe=excluded.injury_shoulder_safe, cues_uz=excluded.cues_uz, default_sets_reps=excluded.default_sets_reps;
insert into public.exercises (id, code, title, name_uz, category, equipment_tier, progression_tier, progression_group, target_muscles, injury_knee_safe, injury_back_safe, injury_shoulder_safe, cues_uz, default_sets_reps) values ('dd901732-c872-5def-b1a9-865298aaf3ec', 'lg013', 'Calf Raises', 'Boldir ko''tarish', 'legs', 'bodyweight', 1, 'calf_chain', '{"calves"}', true, true, true, 'Oyoq uchida tik turib yuqoriga ko''tarilib, sekin tushiring', '3 x 20') on conflict (code) do update set title=excluded.title, name_uz=excluded.name_uz, category=excluded.category, equipment_tier=excluded.equipment_tier, progression_tier=excluded.progression_tier, progression_group=excluded.progression_group, target_muscles=excluded.target_muscles, injury_knee_safe=excluded.injury_knee_safe, injury_back_safe=excluded.injury_back_safe, injury_shoulder_safe=excluded.injury_shoulder_safe, cues_uz=excluded.cues_uz, default_sets_reps=excluded.default_sets_reps;
insert into public.exercises (id, code, title, name_uz, category, equipment_tier, progression_tier, progression_group, target_muscles, injury_knee_safe, injury_back_safe, injury_shoulder_safe, cues_uz, default_sets_reps) values ('eac3ef9d-cd73-5dda-9cfd-ff56ab69c6ad', 'pu001', 'Wall Push-up', 'Devorga suyanib Push-up', 'push', 'bodyweight', 1, 'pushup_chain', '{"chest","triceps","shoulders"}', true, true, true, 'Devorga qo''l qo''yib, tanani egib-yozish, eng yengil variant', '3 x 12') on conflict (code) do update set title=excluded.title, name_uz=excluded.name_uz, category=excluded.category, equipment_tier=excluded.equipment_tier, progression_tier=excluded.progression_tier, progression_group=excluded.progression_group, target_muscles=excluded.target_muscles, injury_knee_safe=excluded.injury_knee_safe, injury_back_safe=excluded.injury_back_safe, injury_shoulder_safe=excluded.injury_shoulder_safe, cues_uz=excluded.cues_uz, default_sets_reps=excluded.default_sets_reps;
insert into public.exercises (id, code, title, name_uz, category, equipment_tier, progression_tier, progression_group, target_muscles, injury_knee_safe, injury_back_safe, injury_shoulder_safe, cues_uz, default_sets_reps) values ('bfac5a77-0709-5b8e-9c8e-368f91175df3', 'pu002', 'Knee Push-up', 'Tizzada Push-up', 'push', 'bodyweight', 1, 'pushup_chain', '{"chest","triceps","shoulders"}', false, true, true, 'Tizzada tayanib, tana tik chiziq, ko''krakni yerga yaqinlashtiring', '3 x 10') on conflict (code) do update set title=excluded.title, name_uz=excluded.name_uz, category=excluded.category, equipment_tier=excluded.equipment_tier, progression_tier=excluded.progression_tier, progression_group=excluded.progression_group, target_muscles=excluded.target_muscles, injury_knee_safe=excluded.injury_knee_safe, injury_back_safe=excluded.injury_back_safe, injury_shoulder_safe=excluded.injury_shoulder_safe, cues_uz=excluded.cues_uz, default_sets_reps=excluded.default_sets_reps;
insert into public.exercises (id, code, title, name_uz, category, equipment_tier, progression_tier, progression_group, target_muscles, injury_knee_safe, injury_back_safe, injury_shoulder_safe, cues_uz, default_sets_reps) values ('dcaaa031-cb46-5d73-a8a3-78600ae1af81', 'pu003', 'Incline Push-up', 'Ko''tarilgan Push-up (stol/skameyka)', 'push', 'bodyweight', 1, 'pushup_chain', '{"chest","triceps"}', true, true, true, 'Qo''lni skameykaga qo''yib, oyoqlar yerda, Push-up bajaring', '3 x 12') on conflict (code) do update set title=excluded.title, name_uz=excluded.name_uz, category=excluded.category, equipment_tier=excluded.equipment_tier, progression_tier=excluded.progression_tier, progression_group=excluded.progression_group, target_muscles=excluded.target_muscles, injury_knee_safe=excluded.injury_knee_safe, injury_back_safe=excluded.injury_back_safe, injury_shoulder_safe=excluded.injury_shoulder_safe, cues_uz=excluded.cues_uz, default_sets_reps=excluded.default_sets_reps;
insert into public.exercises (id, code, title, name_uz, category, equipment_tier, progression_tier, progression_group, target_muscles, injury_knee_safe, injury_back_safe, injury_shoulder_safe, cues_uz, default_sets_reps) values ('191069df-eb8c-5327-9ce6-e3bb5965d226', 'pu004', 'Standard Push-up', 'Oddiy Push-up', 'push', 'bodyweight', 2, 'pushup_chain', '{"chest","triceps","shoulders","core"}', true, true, true, 'Tana tik chiziqda, ko''krak yerga yaqinlashguncha pasaying', '3 x 12') on conflict (code) do update set title=excluded.title, name_uz=excluded.name_uz, category=excluded.category, equipment_tier=excluded.equipment_tier, progression_tier=excluded.progression_tier, progression_group=excluded.progression_group, target_muscles=excluded.target_muscles, injury_knee_safe=excluded.injury_knee_safe, injury_back_safe=excluded.injury_back_safe, injury_shoulder_safe=excluded.injury_shoulder_safe, cues_uz=excluded.cues_uz, default_sets_reps=excluded.default_sets_reps;
insert into public.exercises (id, code, title, name_uz, category, equipment_tier, progression_tier, progression_group, target_muscles, injury_knee_safe, injury_back_safe, injury_shoulder_safe, cues_uz, default_sets_reps) values ('d8f30026-6ac4-5520-8f16-a05fc6015cc0', 'pu005', 'Diamond Push-up', 'Olmos Push-up (Diamond)', 'push', 'bodyweight', 3, 'pushup_chain', '{"triceps","chest"}', true, true, false, 'Qo''llarni ko''krak ostida olmos shaklida birlashtirib bajaring', '3 x 10') on conflict (code) do update set title=excluded.title, name_uz=excluded.name_uz, category=excluded.category, equipment_tier=excluded.equipment_tier, progression_tier=excluded.progression_tier, progression_group=excluded.progression_group, target_muscles=excluded.target_muscles, injury_knee_safe=excluded.injury_knee_safe, injury_back_safe=excluded.injury_back_safe, injury_shoulder_safe=excluded.injury_shoulder_safe, cues_uz=excluded.cues_uz, default_sets_reps=excluded.default_sets_reps;
insert into public.exercises (id, code, title, name_uz, category, equipment_tier, progression_tier, progression_group, target_muscles, injury_knee_safe, injury_back_safe, injury_shoulder_safe, cues_uz, default_sets_reps) values ('8e4ed98c-3d71-560c-b105-e438d474cef7', 'pu006', 'Pike Push-up', 'Pike Push-up (yelka uchun)', 'push', 'bodyweight', 2, 'shoulder_press_chain', '{"shoulders","triceps"}', true, true, false, 'Dumbani yuqoriga ko''tarib V shakl hosil qilib boshni pasaytiring', '3 x 10') on conflict (code) do update set title=excluded.title, name_uz=excluded.name_uz, category=excluded.category, equipment_tier=excluded.equipment_tier, progression_tier=excluded.progression_tier, progression_group=excluded.progression_group, target_muscles=excluded.target_muscles, injury_knee_safe=excluded.injury_knee_safe, injury_back_safe=excluded.injury_back_safe, injury_shoulder_safe=excluded.injury_shoulder_safe, cues_uz=excluded.cues_uz, default_sets_reps=excluded.default_sets_reps;
insert into public.exercises (id, code, title, name_uz, category, equipment_tier, progression_tier, progression_group, target_muscles, injury_knee_safe, injury_back_safe, injury_shoulder_safe, cues_uz, default_sets_reps) values ('27fc1d49-fb8e-5f1d-9ee9-4d0734dc1b8e', 'pu007', 'Bench Dips', 'Skameykada Dips', 'push', 'bodyweight', 2, 'dips_chain', '{"triceps"}', true, true, false, 'Qo''l skameykada, dumbani tushirib tirsakni 90 darajaga bukib ko''taring', '3 x 12') on conflict (code) do update set title=excluded.title, name_uz=excluded.name_uz, category=excluded.category, equipment_tier=excluded.equipment_tier, progression_tier=excluded.progression_tier, progression_group=excluded.progression_group, target_muscles=excluded.target_muscles, injury_knee_safe=excluded.injury_knee_safe, injury_back_safe=excluded.injury_back_safe, injury_shoulder_safe=excluded.injury_shoulder_safe, cues_uz=excluded.cues_uz, default_sets_reps=excluded.default_sets_reps;
insert into public.exercises (id, code, title, name_uz, category, equipment_tier, progression_tier, progression_group, target_muscles, injury_knee_safe, injury_back_safe, injury_shoulder_safe, cues_uz, default_sets_reps) values ('83f37c0c-44f0-5c08-b3fa-8fd7de9a1be8', 'pu008', 'Dumbbell Bench Press', 'Gantelli yotib itarish', 'push', 'dumbbell_band', 2, 'bench_chain', '{"chest","triceps","shoulders"}', true, true, false, 'Yotib gantelni ko''krak yonidan tepaga itaring', '3 x 10') on conflict (code) do update set title=excluded.title, name_uz=excluded.name_uz, category=excluded.category, equipment_tier=excluded.equipment_tier, progression_tier=excluded.progression_tier, progression_group=excluded.progression_group, target_muscles=excluded.target_muscles, injury_knee_safe=excluded.injury_knee_safe, injury_back_safe=excluded.injury_back_safe, injury_shoulder_safe=excluded.injury_shoulder_safe, cues_uz=excluded.cues_uz, default_sets_reps=excluded.default_sets_reps;
insert into public.exercises (id, code, title, name_uz, category, equipment_tier, progression_tier, progression_group, target_muscles, injury_knee_safe, injury_back_safe, injury_shoulder_safe, cues_uz, default_sets_reps) values ('64e0ef8e-5963-5a3d-af11-04b68a2fdfe0', 'pu009', 'Dumbbell Shoulder Press', 'Gantelli yelka itarish', 'push', 'dumbbell_band', 2, 'shoulder_press_chain', '{"shoulders","triceps"}', true, true, false, 'Gantelni yelka balandligidan tepaga to''liq itaring', '3 x 10') on conflict (code) do update set title=excluded.title, name_uz=excluded.name_uz, category=excluded.category, equipment_tier=excluded.equipment_tier, progression_tier=excluded.progression_tier, progression_group=excluded.progression_group, target_muscles=excluded.target_muscles, injury_knee_safe=excluded.injury_knee_safe, injury_back_safe=excluded.injury_back_safe, injury_shoulder_safe=excluded.injury_shoulder_safe, cues_uz=excluded.cues_uz, default_sets_reps=excluded.default_sets_reps;
insert into public.exercises (id, code, title, name_uz, category, equipment_tier, progression_tier, progression_group, target_muscles, injury_knee_safe, injury_back_safe, injury_shoulder_safe, cues_uz, default_sets_reps) values ('c770ebec-79b9-5445-bdfd-dc24b4b3fd9a', 'pu010', 'Lateral Raise', 'Yon ko''tarish (Lateral Raise)', 'push', 'dumbbell_band', 2, 'isolation_shoulder', '{"shoulders"}', true, true, false, 'Gantelni yon tomonga yelka balandligigacha ko''taring, sekin tushiring', '3 x 15') on conflict (code) do update set title=excluded.title, name_uz=excluded.name_uz, category=excluded.category, equipment_tier=excluded.equipment_tier, progression_tier=excluded.progression_tier, progression_group=excluded.progression_group, target_muscles=excluded.target_muscles, injury_knee_safe=excluded.injury_knee_safe, injury_back_safe=excluded.injury_back_safe, injury_shoulder_safe=excluded.injury_shoulder_safe, cues_uz=excluded.cues_uz, default_sets_reps=excluded.default_sets_reps;
insert into public.exercises (id, code, title, name_uz, category, equipment_tier, progression_tier, progression_group, target_muscles, injury_knee_safe, injury_back_safe, injury_shoulder_safe, cues_uz, default_sets_reps) values ('9812c1c1-9082-5033-9036-60a060be43fe', 'pu011', 'Barbell Bench Press', 'Shtangali yotib itarish', 'push', 'gym_full', 3, 'bench_chain', '{"chest","triceps","shoulders"}', true, true, false, 'Shtangani ko''krakka tushirib, kontrolli tepaga itaring', '4 x 6-8') on conflict (code) do update set title=excluded.title, name_uz=excluded.name_uz, category=excluded.category, equipment_tier=excluded.equipment_tier, progression_tier=excluded.progression_tier, progression_group=excluded.progression_group, target_muscles=excluded.target_muscles, injury_knee_safe=excluded.injury_knee_safe, injury_back_safe=excluded.injury_back_safe, injury_shoulder_safe=excluded.injury_shoulder_safe, cues_uz=excluded.cues_uz, default_sets_reps=excluded.default_sets_reps;
insert into public.exercises (id, code, title, name_uz, category, equipment_tier, progression_tier, progression_group, target_muscles, injury_knee_safe, injury_back_safe, injury_shoulder_safe, cues_uz, default_sets_reps) values ('223f6b03-9aaa-5347-aa95-1f95eedee9e8', 'pu012', 'Incline Bench Press', 'Qiya skameykada itarish', 'push', 'gym_full', 3, 'bench_chain', '{"upper_chest","shoulders"}', true, true, false, 'Skameykani 30-45 daraja qiyalatib bajaring', '4 x 8') on conflict (code) do update set title=excluded.title, name_uz=excluded.name_uz, category=excluded.category, equipment_tier=excluded.equipment_tier, progression_tier=excluded.progression_tier, progression_group=excluded.progression_group, target_muscles=excluded.target_muscles, injury_knee_safe=excluded.injury_knee_safe, injury_back_safe=excluded.injury_back_safe, injury_shoulder_safe=excluded.injury_shoulder_safe, cues_uz=excluded.cues_uz, default_sets_reps=excluded.default_sets_reps;
insert into public.exercises (id, code, title, name_uz, category, equipment_tier, progression_tier, progression_group, target_muscles, injury_knee_safe, injury_back_safe, injury_shoulder_safe, cues_uz, default_sets_reps) values ('0709cf68-211e-5892-ae8f-d672be12456a', 'pu013', 'Barbell Overhead Press', 'Shtangani tepaga itarish (OHP)', 'push', 'gym_full', 3, 'shoulder_press_chain', '{"shoulders","triceps","core"}', true, false, false, 'Shtangani yelkadan boshdan oshirib to''liq itaring', '4 x 6') on conflict (code) do update set title=excluded.title, name_uz=excluded.name_uz, category=excluded.category, equipment_tier=excluded.equipment_tier, progression_tier=excluded.progression_tier, progression_group=excluded.progression_group, target_muscles=excluded.target_muscles, injury_knee_safe=excluded.injury_knee_safe, injury_back_safe=excluded.injury_back_safe, injury_shoulder_safe=excluded.injury_shoulder_safe, cues_uz=excluded.cues_uz, default_sets_reps=excluded.default_sets_reps;
insert into public.exercises (id, code, title, name_uz, category, equipment_tier, progression_tier, progression_group, target_muscles, injury_knee_safe, injury_back_safe, injury_shoulder_safe, cues_uz, default_sets_reps) values ('ace1458b-eff2-5433-9e3c-2ef8588cb2f7', 'pu014', 'Cable Tricep Pushdown', 'Trosli triseps tushirish', 'push', 'gym_full', 2, 'isolation_triceps', '{"triceps"}', true, true, true, 'Tirsakni tanaga yaqin tutib, pastga to''liq itaring', '3 x 12') on conflict (code) do update set title=excluded.title, name_uz=excluded.name_uz, category=excluded.category, equipment_tier=excluded.equipment_tier, progression_tier=excluded.progression_tier, progression_group=excluded.progression_group, target_muscles=excluded.target_muscles, injury_knee_safe=excluded.injury_knee_safe, injury_back_safe=excluded.injury_back_safe, injury_shoulder_safe=excluded.injury_shoulder_safe, cues_uz=excluded.cues_uz, default_sets_reps=excluded.default_sets_reps;
insert into public.exercises (id, code, title, name_uz, category, equipment_tier, progression_tier, progression_group, target_muscles, injury_knee_safe, injury_back_safe, injury_shoulder_safe, cues_uz, default_sets_reps) values ('37cdabf9-c5ef-5569-8573-44f59663d72b', 'pu015', 'Cable Fly', 'Trosli ko''krak yoyish (Cable Fly)', 'push', 'gym_full', 2, 'isolation_chest', '{"chest"}', true, true, false, 'Tirsakni yengil bukib, qo''llarni old tomonda birlashtiring', '3 x 12') on conflict (code) do update set title=excluded.title, name_uz=excluded.name_uz, category=excluded.category, equipment_tier=excluded.equipment_tier, progression_tier=excluded.progression_tier, progression_group=excluded.progression_group, target_muscles=excluded.target_muscles, injury_knee_safe=excluded.injury_knee_safe, injury_back_safe=excluded.injury_back_safe, injury_shoulder_safe=excluded.injury_shoulder_safe, cues_uz=excluded.cues_uz, default_sets_reps=excluded.default_sets_reps;
insert into public.exercises (id, code, title, name_uz, category, equipment_tier, progression_tier, progression_group, target_muscles, injury_knee_safe, injury_back_safe, injury_shoulder_safe, cues_uz, default_sets_reps) values ('f1504af0-9ba1-54f6-9dd3-c5a8771c5c8e', 'pl001', 'Band Pull-Apart', 'Lentani yoyish (orqa uchun)', 'pull', 'dumbbell_band', 1, 'pull_intro_chain', '{"upper_back","shoulders"}', true, true, true, 'Lentani ikki qo''lda ko''krak balandligida yon tomonga torting', '3 x 15') on conflict (code) do update set title=excluded.title, name_uz=excluded.name_uz, category=excluded.category, equipment_tier=excluded.equipment_tier, progression_tier=excluded.progression_tier, progression_group=excluded.progression_group, target_muscles=excluded.target_muscles, injury_knee_safe=excluded.injury_knee_safe, injury_back_safe=excluded.injury_back_safe, injury_shoulder_safe=excluded.injury_shoulder_safe, cues_uz=excluded.cues_uz, default_sets_reps=excluded.default_sets_reps;
insert into public.exercises (id, code, title, name_uz, category, equipment_tier, progression_tier, progression_group, target_muscles, injury_knee_safe, injury_back_safe, injury_shoulder_safe, cues_uz, default_sets_reps) values ('b8eecaa2-eb01-5b5a-aeba-e3b6662dcffe', 'pl002', 'Superman Hold', 'Superman pozasi', 'pull', 'bodyweight', 1, 'back_extension_chain', '{"lower_back","glutes"}', true, false, true, 'Qornda yotib qo''l va oyoqni bir vaqtda ko''tarib ushlab turing', '3 x 20 sek') on conflict (code) do update set title=excluded.title, name_uz=excluded.name_uz, category=excluded.category, equipment_tier=excluded.equipment_tier, progression_tier=excluded.progression_tier, progression_group=excluded.progression_group, target_muscles=excluded.target_muscles, injury_knee_safe=excluded.injury_knee_safe, injury_back_safe=excluded.injury_back_safe, injury_shoulder_safe=excluded.injury_shoulder_safe, cues_uz=excluded.cues_uz, default_sets_reps=excluded.default_sets_reps;
insert into public.exercises (id, code, title, name_uz, category, equipment_tier, progression_tier, progression_group, target_muscles, injury_knee_safe, injury_back_safe, injury_shoulder_safe, cues_uz, default_sets_reps) values ('bf605dc2-15d1-5737-94ba-1f0e9d3debc4', 'pl003', 'Band Row (seated)', 'Lentali tortish (o''tirib)', 'pull', 'dumbbell_band', 1, 'row_chain', '{"upper_back","biceps"}', true, true, true, 'Oyoqqa lenta o''tkazib, tirsakni orqaga tortib bajaring', '3 x 12') on conflict (code) do update set title=excluded.title, name_uz=excluded.name_uz, category=excluded.category, equipment_tier=excluded.equipment_tier, progression_tier=excluded.progression_tier, progression_group=excluded.progression_group, target_muscles=excluded.target_muscles, injury_knee_safe=excluded.injury_knee_safe, injury_back_safe=excluded.injury_back_safe, injury_shoulder_safe=excluded.injury_shoulder_safe, cues_uz=excluded.cues_uz, default_sets_reps=excluded.default_sets_reps;
insert into public.exercises (id, code, title, name_uz, category, equipment_tier, progression_tier, progression_group, target_muscles, injury_knee_safe, injury_back_safe, injury_shoulder_safe, cues_uz, default_sets_reps) values ('8fc8157a-cd49-5977-a26f-add0538b55d9', 'pl004', 'Inverted Row (table/bar)', 'Teskari tortish (stol/turnik past)', 'pull', 'bodyweight', 2, 'pullup_chain', '{"upper_back","biceps"}', true, true, true, 'Past turnik ostida yotib tanani tortib ko''taring', '3 x 10') on conflict (code) do update set title=excluded.title, name_uz=excluded.name_uz, category=excluded.category, equipment_tier=excluded.equipment_tier, progression_tier=excluded.progression_tier, progression_group=excluded.progression_group, target_muscles=excluded.target_muscles, injury_knee_safe=excluded.injury_knee_safe, injury_back_safe=excluded.injury_back_safe, injury_shoulder_safe=excluded.injury_shoulder_safe, cues_uz=excluded.cues_uz, default_sets_reps=excluded.default_sets_reps;
insert into public.exercises (id, code, title, name_uz, category, equipment_tier, progression_tier, progression_group, target_muscles, injury_knee_safe, injury_back_safe, injury_shoulder_safe, cues_uz, default_sets_reps) values ('99293d27-34f0-5306-99f3-6905269e62f8', 'pl005', 'Negative Pull-up', 'Teskari tortilish (Negative Pull-up)', 'pull', 'bodyweight', 2, 'pullup_chain', '{"back","biceps"}', true, true, false, 'Yuqoridan boshlab, imkon qadar sekin pastga tushing', '3 x 6') on conflict (code) do update set title=excluded.title, name_uz=excluded.name_uz, category=excluded.category, equipment_tier=excluded.equipment_tier, progression_tier=excluded.progression_tier, progression_group=excluded.progression_group, target_muscles=excluded.target_muscles, injury_knee_safe=excluded.injury_knee_safe, injury_back_safe=excluded.injury_back_safe, injury_shoulder_safe=excluded.injury_shoulder_safe, cues_uz=excluded.cues_uz, default_sets_reps=excluded.default_sets_reps;
insert into public.exercises (id, code, title, name_uz, category, equipment_tier, progression_tier, progression_group, target_muscles, injury_knee_safe, injury_back_safe, injury_shoulder_safe, cues_uz, default_sets_reps) values ('487640a7-6244-5058-b190-25dcb45234bd', 'pl006', 'Assisted/Band Pull-up', 'Yordamchi lenta bilan tortilish', 'pull', 'dumbbell_band', 2, 'pullup_chain', '{"back","biceps"}', true, true, false, 'Lentani turnikka bog''lab, oyoqqa tushirib yordam oling', '3 x 8') on conflict (code) do update set title=excluded.title, name_uz=excluded.name_uz, category=excluded.category, equipment_tier=excluded.equipment_tier, progression_tier=excluded.progression_tier, progression_group=excluded.progression_group, target_muscles=excluded.target_muscles, injury_knee_safe=excluded.injury_knee_safe, injury_back_safe=excluded.injury_back_safe, injury_shoulder_safe=excluded.injury_shoulder_safe, cues_uz=excluded.cues_uz, default_sets_reps=excluded.default_sets_reps;
insert into public.exercises (id, code, title, name_uz, category, equipment_tier, progression_tier, progression_group, target_muscles, injury_knee_safe, injury_back_safe, injury_shoulder_safe, cues_uz, default_sets_reps) values ('41f4393a-ceec-5482-9930-74a5326dee8b', 'pl007', 'Pull-up', 'Turnikda tortilish (Pull-up)', 'pull', 'bodyweight', 3, 'pullup_chain', '{"back","biceps"}', true, true, false, 'Tanani to''liq tortib, iyak turnikdan o''tguncha ko''tarilib', '3 x 6-8') on conflict (code) do update set title=excluded.title, name_uz=excluded.name_uz, category=excluded.category, equipment_tier=excluded.equipment_tier, progression_tier=excluded.progression_tier, progression_group=excluded.progression_group, target_muscles=excluded.target_muscles, injury_knee_safe=excluded.injury_knee_safe, injury_back_safe=excluded.injury_back_safe, injury_shoulder_safe=excluded.injury_shoulder_safe, cues_uz=excluded.cues_uz, default_sets_reps=excluded.default_sets_reps;
insert into public.exercises (id, code, title, name_uz, category, equipment_tier, progression_tier, progression_group, target_muscles, injury_knee_safe, injury_back_safe, injury_shoulder_safe, cues_uz, default_sets_reps) values ('529436d8-2560-5be4-b587-02c6673fed3a', 'pl008', 'Chin-up', 'Iyak tortilish (Chin-up)', 'pull', 'bodyweight', 3, 'pullup_chain', '{"biceps","back"}', true, true, false, 'Qo''l kafti o''ziga qarab ushlab tortiling', '3 x 6-8') on conflict (code) do update set title=excluded.title, name_uz=excluded.name_uz, category=excluded.category, equipment_tier=excluded.equipment_tier, progression_tier=excluded.progression_tier, progression_group=excluded.progression_group, target_muscles=excluded.target_muscles, injury_knee_safe=excluded.injury_knee_safe, injury_back_safe=excluded.injury_back_safe, injury_shoulder_safe=excluded.injury_shoulder_safe, cues_uz=excluded.cues_uz, default_sets_reps=excluded.default_sets_reps;
insert into public.exercises (id, code, title, name_uz, category, equipment_tier, progression_tier, progression_group, target_muscles, injury_knee_safe, injury_back_safe, injury_shoulder_safe, cues_uz, default_sets_reps) values ('47167888-ebbf-5e34-a6b4-ca6cdc8cad34', 'pl009', 'Dumbbell Row (single arm)', 'Bir qo''lda gantelli tortish', 'pull', 'dumbbell_band', 2, 'row_chain', '{"back","biceps"}', true, true, true, 'Skameykaga tayanib, tirsakni yuqoriga tortib bajaring', '3 x 10 (har qo''l)') on conflict (code) do update set title=excluded.title, name_uz=excluded.name_uz, category=excluded.category, equipment_tier=excluded.equipment_tier, progression_tier=excluded.progression_tier, progression_group=excluded.progression_group, target_muscles=excluded.target_muscles, injury_knee_safe=excluded.injury_knee_safe, injury_back_safe=excluded.injury_back_safe, injury_shoulder_safe=excluded.injury_shoulder_safe, cues_uz=excluded.cues_uz, default_sets_reps=excluded.default_sets_reps;
insert into public.exercises (id, code, title, name_uz, category, equipment_tier, progression_tier, progression_group, target_muscles, injury_knee_safe, injury_back_safe, injury_shoulder_safe, cues_uz, default_sets_reps) values ('629dc0ed-6ba9-5992-a7ba-b8f4adee5008', 'pl010', 'Dumbbell Bicep Curl', 'Gantelli biseps egib ko''tarish', 'pull', 'dumbbell_band', 1, 'isolation_biceps', '{"biceps"}', true, true, true, 'Tirsakni tanaga yaqin tutib gantelni yuqoriga ko''taring', '3 x 12') on conflict (code) do update set title=excluded.title, name_uz=excluded.name_uz, category=excluded.category, equipment_tier=excluded.equipment_tier, progression_tier=excluded.progression_tier, progression_group=excluded.progression_group, target_muscles=excluded.target_muscles, injury_knee_safe=excluded.injury_knee_safe, injury_back_safe=excluded.injury_back_safe, injury_shoulder_safe=excluded.injury_shoulder_safe, cues_uz=excluded.cues_uz, default_sets_reps=excluded.default_sets_reps;
insert into public.exercises (id, code, title, name_uz, category, equipment_tier, progression_tier, progression_group, target_muscles, injury_knee_safe, injury_back_safe, injury_shoulder_safe, cues_uz, default_sets_reps) values ('7d39f938-b268-5378-9533-5b7d1978a306', 'pl011', 'Barbell Row', 'Shtangali tortish (Barbell Row)', 'pull', 'gym_full', 3, 'row_chain', '{"back","biceps"}', true, false, true, 'Tana 45 daraja egilgan, shtangani qoringa tortib bajaring', '4 x 8') on conflict (code) do update set title=excluded.title, name_uz=excluded.name_uz, category=excluded.category, equipment_tier=excluded.equipment_tier, progression_tier=excluded.progression_tier, progression_group=excluded.progression_group, target_muscles=excluded.target_muscles, injury_knee_safe=excluded.injury_knee_safe, injury_back_safe=excluded.injury_back_safe, injury_shoulder_safe=excluded.injury_shoulder_safe, cues_uz=excluded.cues_uz, default_sets_reps=excluded.default_sets_reps;
insert into public.exercises (id, code, title, name_uz, category, equipment_tier, progression_tier, progression_group, target_muscles, injury_knee_safe, injury_back_safe, injury_shoulder_safe, cues_uz, default_sets_reps) values ('ff5f4c59-549b-58ad-a528-a9894ba3bc87', 'pl012', 'Lat Pulldown', 'Lat tortish trenajori (Lat Pulldown)', 'pull', 'gym_full', 2, 'pullup_chain', '{"back","biceps"}', true, true, true, 'Tutqichni ko''krakka tortib, sekin yuqoriga qaytaring', '3 x 12') on conflict (code) do update set title=excluded.title, name_uz=excluded.name_uz, category=excluded.category, equipment_tier=excluded.equipment_tier, progression_tier=excluded.progression_tier, progression_group=excluded.progression_group, target_muscles=excluded.target_muscles, injury_knee_safe=excluded.injury_knee_safe, injury_back_safe=excluded.injury_back_safe, injury_shoulder_safe=excluded.injury_shoulder_safe, cues_uz=excluded.cues_uz, default_sets_reps=excluded.default_sets_reps;
insert into public.exercises (id, code, title, name_uz, category, equipment_tier, progression_tier, progression_group, target_muscles, injury_knee_safe, injury_back_safe, injury_shoulder_safe, cues_uz, default_sets_reps) values ('f6b3855d-1a1f-5fdb-adea-848705142079', 'pl013', 'Seated Cable Row', 'Trosli o''tirib tortish', 'pull', 'gym_full', 2, 'row_chain', '{"back","biceps"}', true, true, true, 'Orqa tik, tutqichni qoringa tortib siqing', '3 x 12') on conflict (code) do update set title=excluded.title, name_uz=excluded.name_uz, category=excluded.category, equipment_tier=excluded.equipment_tier, progression_tier=excluded.progression_tier, progression_group=excluded.progression_group, target_muscles=excluded.target_muscles, injury_knee_safe=excluded.injury_knee_safe, injury_back_safe=excluded.injury_back_safe, injury_shoulder_safe=excluded.injury_shoulder_safe, cues_uz=excluded.cues_uz, default_sets_reps=excluded.default_sets_reps;
insert into public.exercises (id, code, title, name_uz, category, equipment_tier, progression_tier, progression_group, target_muscles, injury_knee_safe, injury_back_safe, injury_shoulder_safe, cues_uz, default_sets_reps) values ('c19e5eee-8bdb-5fad-8df3-0cafd1529e87', 'pl014', 'Face Pull', 'Yuzga tortish (Face Pull)', 'pull', 'gym_full', 2, 'rear_delt_chain', '{"rear_delts","upper_back"}', true, true, true, 'Trosni yuzga tomon torting, tirsakni baland tutib', '3 x 15') on conflict (code) do update set title=excluded.title, name_uz=excluded.name_uz, category=excluded.category, equipment_tier=excluded.equipment_tier, progression_tier=excluded.progression_tier, progression_group=excluded.progression_group, target_muscles=excluded.target_muscles, injury_knee_safe=excluded.injury_knee_safe, injury_back_safe=excluded.injury_back_safe, injury_shoulder_safe=excluded.injury_shoulder_safe, cues_uz=excluded.cues_uz, default_sets_reps=excluded.default_sets_reps;
insert into public.exercises (id, code, title, name_uz, category, equipment_tier, progression_tier, progression_group, target_muscles, injury_knee_safe, injury_back_safe, injury_shoulder_safe, cues_uz, default_sets_reps) values ('b05f8537-975c-5214-8b9a-cc6ac613dc5d', 'pl015', 'Weighted Pull-up', 'Og''irlik bilan tortilish', 'pull', 'gym_full', 3, 'pullup_chain', '{"back","biceps"}', true, true, false, 'Belbog''ga og''irlik qo''shib oddiy pull-up bajaring', '4 x 5') on conflict (code) do update set title=excluded.title, name_uz=excluded.name_uz, category=excluded.category, equipment_tier=excluded.equipment_tier, progression_tier=excluded.progression_tier, progression_group=excluded.progression_group, target_muscles=excluded.target_muscles, injury_knee_safe=excluded.injury_knee_safe, injury_back_safe=excluded.injury_back_safe, injury_shoulder_safe=excluded.injury_shoulder_safe, cues_uz=excluded.cues_uz, default_sets_reps=excluded.default_sets_reps;
insert into public.exercises (id, code, title, name_uz, category, equipment_tier, progression_tier, progression_group, target_muscles, injury_knee_safe, injury_back_safe, injury_shoulder_safe, cues_uz, default_sets_reps) values ('d865b4f7-8be7-529f-bda1-193411a8f8c7', 'pl016', 'Dead Hang', 'Turnikda osilib turish (Dead Hang)', 'pull', 'bodyweight', 1, 'pullup_chain', '{"grip","shoulders","lats"}', true, true, false, 'Turnikda faqat osilib turing, tortishga urinmang — bu grip va yelkani mustahkamlash uchun preparatsion mashq', '3 x 20 sek') on conflict (code) do update set title=excluded.title, name_uz=excluded.name_uz, category=excluded.category, equipment_tier=excluded.equipment_tier, progression_tier=excluded.progression_tier, progression_group=excluded.progression_group, target_muscles=excluded.target_muscles, injury_knee_safe=excluded.injury_knee_safe, injury_back_safe=excluded.injury_back_safe, injury_shoulder_safe=excluded.injury_shoulder_safe, cues_uz=excluded.cues_uz, default_sets_reps=excluded.default_sets_reps;
insert into public.exercises (id, code, title, name_uz, category, equipment_tier, progression_tier, progression_group, target_muscles, injury_knee_safe, injury_back_safe, injury_shoulder_safe, cues_uz, default_sets_reps) values ('ffaaa067-f637-51c4-8f4b-cfe23459ad95', 'co001', 'Dead Bug', 'O''lik qurt (Dead Bug)', 'core', 'bodyweight', 1, 'core_stability_chain', '{"abs","core"}', true, true, true, 'Yotib qarama-qarshi qo''l-oyoqni sekin tushirib qaytaring, bel yerdan ajrab ketmasin', '3 x 10 (har tomon)') on conflict (code) do update set title=excluded.title, name_uz=excluded.name_uz, category=excluded.category, equipment_tier=excluded.equipment_tier, progression_tier=excluded.progression_tier, progression_group=excluded.progression_group, target_muscles=excluded.target_muscles, injury_knee_safe=excluded.injury_knee_safe, injury_back_safe=excluded.injury_back_safe, injury_shoulder_safe=excluded.injury_shoulder_safe, cues_uz=excluded.cues_uz, default_sets_reps=excluded.default_sets_reps;
insert into public.exercises (id, code, title, name_uz, category, equipment_tier, progression_tier, progression_group, target_muscles, injury_knee_safe, injury_back_safe, injury_shoulder_safe, cues_uz, default_sets_reps) values ('f4fb9482-7b7a-5685-9a9e-4d0bd895f853', 'co002', 'Bird Dog', 'Qush-it (Bird Dog)', 'core', 'bodyweight', 1, 'core_stability_chain', '{"core","lower_back"}', false, true, true, 'To''rt oyoqlab, qarama-qarshi qo''l-oyoqni uzating, muvozanat saqlang', '3 x 10 (har tomon)') on conflict (code) do update set title=excluded.title, name_uz=excluded.name_uz, category=excluded.category, equipment_tier=excluded.equipment_tier, progression_tier=excluded.progression_tier, progression_group=excluded.progression_group, target_muscles=excluded.target_muscles, injury_knee_safe=excluded.injury_knee_safe, injury_back_safe=excluded.injury_back_safe, injury_shoulder_safe=excluded.injury_shoulder_safe, cues_uz=excluded.cues_uz, default_sets_reps=excluded.default_sets_reps;
insert into public.exercises (id, code, title, name_uz, category, equipment_tier, progression_tier, progression_group, target_muscles, injury_knee_safe, injury_back_safe, injury_shoulder_safe, cues_uz, default_sets_reps) values ('71496c2a-72ed-585e-b438-9290b66bf238', 'co003', 'Plank', 'Plank (taxta holati)', 'core', 'bodyweight', 1, 'plank_chain', '{"abs","core"}', true, true, true, 'Tirsakda tayanib tana tik chiziq, dumba ko''tarilib yoki tushib ketmasin', '3 x 30 sek') on conflict (code) do update set title=excluded.title, name_uz=excluded.name_uz, category=excluded.category, equipment_tier=excluded.equipment_tier, progression_tier=excluded.progression_tier, progression_group=excluded.progression_group, target_muscles=excluded.target_muscles, injury_knee_safe=excluded.injury_knee_safe, injury_back_safe=excluded.injury_back_safe, injury_shoulder_safe=excluded.injury_shoulder_safe, cues_uz=excluded.cues_uz, default_sets_reps=excluded.default_sets_reps;
insert into public.exercises (id, code, title, name_uz, category, equipment_tier, progression_tier, progression_group, target_muscles, injury_knee_safe, injury_back_safe, injury_shoulder_safe, cues_uz, default_sets_reps) values ('a22a5ed0-467a-5f61-a56a-7e33e906c159', 'co011', 'Knee Plank', 'Tizzada Plank', 'core', 'bodyweight', 1, 'plank_chain', '{"abs","core"}', false, true, true, 'Tizzada tayanib, faqat ko''krakdan tizzagacha tik chiziq saqlang — og''irlik yuki kamroq', '3 x 25 sek') on conflict (code) do update set title=excluded.title, name_uz=excluded.name_uz, category=excluded.category, equipment_tier=excluded.equipment_tier, progression_tier=excluded.progression_tier, progression_group=excluded.progression_group, target_muscles=excluded.target_muscles, injury_knee_safe=excluded.injury_knee_safe, injury_back_safe=excluded.injury_back_safe, injury_shoulder_safe=excluded.injury_shoulder_safe, cues_uz=excluded.cues_uz, default_sets_reps=excluded.default_sets_reps;
insert into public.exercises (id, code, title, name_uz, category, equipment_tier, progression_tier, progression_group, target_muscles, injury_knee_safe, injury_back_safe, injury_shoulder_safe, cues_uz, default_sets_reps) values ('19080a1b-6260-531f-b362-b8d434e86ef4', 'co012', 'Incline Plank (hands on bench)', 'Skameykaga suyanib Plank', 'core', 'bodyweight', 1, 'plank_chain', '{"abs","core"}', true, true, true, 'Qo''l skameyka/stolga tayanib, tana qiya chiziqda — bel va bo''g''imga yuk kamroq', '3 x 25 sek') on conflict (code) do update set title=excluded.title, name_uz=excluded.name_uz, category=excluded.category, equipment_tier=excluded.equipment_tier, progression_tier=excluded.progression_tier, progression_group=excluded.progression_group, target_muscles=excluded.target_muscles, injury_knee_safe=excluded.injury_knee_safe, injury_back_safe=excluded.injury_back_safe, injury_shoulder_safe=excluded.injury_shoulder_safe, cues_uz=excluded.cues_uz, default_sets_reps=excluded.default_sets_reps;
insert into public.exercises (id, code, title, name_uz, category, equipment_tier, progression_tier, progression_group, target_muscles, injury_knee_safe, injury_back_safe, injury_shoulder_safe, cues_uz, default_sets_reps) values ('128e212c-d030-5080-b441-6506efb71d62', 'co004', 'Side Plank', 'Yon Plank', 'core', 'bodyweight', 2, 'plank_chain', '{"obliques","core"}', true, true, false, 'Yon tomonda tirsakka tayanib, tanani tik saqlang', '3 x 20 sek (har tomon)') on conflict (code) do update set title=excluded.title, name_uz=excluded.name_uz, category=excluded.category, equipment_tier=excluded.equipment_tier, progression_tier=excluded.progression_tier, progression_group=excluded.progression_group, target_muscles=excluded.target_muscles, injury_knee_safe=excluded.injury_knee_safe, injury_back_safe=excluded.injury_back_safe, injury_shoulder_safe=excluded.injury_shoulder_safe, cues_uz=excluded.cues_uz, default_sets_reps=excluded.default_sets_reps;
insert into public.exercises (id, code, title, name_uz, category, equipment_tier, progression_tier, progression_group, target_muscles, injury_knee_safe, injury_back_safe, injury_shoulder_safe, cues_uz, default_sets_reps) values ('3310b62f-7202-5b5c-bfe1-a3a4a6498710', 'co005', 'Russian Twist', 'Rus burilishi (Russian Twist)', 'core', 'bodyweight', 2, 'rotation_chain', '{"obliques"}', true, false, true, 'O''tirib orqaga yengil egilib, qo''lni yon-yonga buring', '3 x 20 (har tomon 1 hisob)') on conflict (code) do update set title=excluded.title, name_uz=excluded.name_uz, category=excluded.category, equipment_tier=excluded.equipment_tier, progression_tier=excluded.progression_tier, progression_group=excluded.progression_group, target_muscles=excluded.target_muscles, injury_knee_safe=excluded.injury_knee_safe, injury_back_safe=excluded.injury_back_safe, injury_shoulder_safe=excluded.injury_shoulder_safe, cues_uz=excluded.cues_uz, default_sets_reps=excluded.default_sets_reps;
insert into public.exercises (id, code, title, name_uz, category, equipment_tier, progression_tier, progression_group, target_muscles, injury_knee_safe, injury_back_safe, injury_shoulder_safe, cues_uz, default_sets_reps) values ('fbc25d59-21ea-5228-9c9f-17f611a1a74e', 'co006', 'Mountain Climbers', 'Tog''-tirmashuvchi (Mountain Climbers)', 'core', 'bodyweight', 2, 'core_dynamic_chain', '{"abs","hip_flexors"}', false, true, true, 'Plank holatda tizzalarni tezlik bilan ko''krakka tortib almashtiring', '3 x 30 sek') on conflict (code) do update set title=excluded.title, name_uz=excluded.name_uz, category=excluded.category, equipment_tier=excluded.equipment_tier, progression_tier=excluded.progression_tier, progression_group=excluded.progression_group, target_muscles=excluded.target_muscles, injury_knee_safe=excluded.injury_knee_safe, injury_back_safe=excluded.injury_back_safe, injury_shoulder_safe=excluded.injury_shoulder_safe, cues_uz=excluded.cues_uz, default_sets_reps=excluded.default_sets_reps;
insert into public.exercises (id, code, title, name_uz, category, equipment_tier, progression_tier, progression_group, target_muscles, injury_knee_safe, injury_back_safe, injury_shoulder_safe, cues_uz, default_sets_reps) values ('8aa3c157-f5b0-5fbe-ab5c-ae558b09bcc1', 'co007', 'Hanging Knee Raise', 'Osilib tizza ko''tarish', 'core', 'gym_full', 3, 'hanging_core_chain', '{"abs","hip_flexors"}', true, true, false, 'Turnikda osilib, tizzani ko''krakka tomon ko''taring', '3 x 12') on conflict (code) do update set title=excluded.title, name_uz=excluded.name_uz, category=excluded.category, equipment_tier=excluded.equipment_tier, progression_tier=excluded.progression_tier, progression_group=excluded.progression_group, target_muscles=excluded.target_muscles, injury_knee_safe=excluded.injury_knee_safe, injury_back_safe=excluded.injury_back_safe, injury_shoulder_safe=excluded.injury_shoulder_safe, cues_uz=excluded.cues_uz, default_sets_reps=excluded.default_sets_reps;
insert into public.exercises (id, code, title, name_uz, category, equipment_tier, progression_tier, progression_group, target_muscles, injury_knee_safe, injury_back_safe, injury_shoulder_safe, cues_uz, default_sets_reps) values ('ca8de6e6-5852-5b7c-bbf4-6286e10bf308', 'co008', 'Ab Wheel Rollout', 'Ab g''altagi bilan yoyish', 'core', 'gym_full', 3, 'core_dynamic_chain', '{"abs","core"}', true, false, true, 'Tizzada turib g''altakni oldinga yoyib, qorinni qisib qaytaring', '3 x 10') on conflict (code) do update set title=excluded.title, name_uz=excluded.name_uz, category=excluded.category, equipment_tier=excluded.equipment_tier, progression_tier=excluded.progression_tier, progression_group=excluded.progression_group, target_muscles=excluded.target_muscles, injury_knee_safe=excluded.injury_knee_safe, injury_back_safe=excluded.injury_back_safe, injury_shoulder_safe=excluded.injury_shoulder_safe, cues_uz=excluded.cues_uz, default_sets_reps=excluded.default_sets_reps;
insert into public.exercises (id, code, title, name_uz, category, equipment_tier, progression_tier, progression_group, target_muscles, injury_knee_safe, injury_back_safe, injury_shoulder_safe, cues_uz, default_sets_reps) values ('ecee7125-0d6b-5b58-a4df-94f9701d0ce1', 'co009', 'Cable Crunch', 'Trosli krunch (Cable Crunch)', 'core', 'gym_full', 2, 'isolation_abs', '{"abs"}', true, true, true, 'Tizzada turib tros bilan qorinni siqib pastga buring', '3 x 15') on conflict (code) do update set title=excluded.title, name_uz=excluded.name_uz, category=excluded.category, equipment_tier=excluded.equipment_tier, progression_tier=excluded.progression_tier, progression_group=excluded.progression_group, target_muscles=excluded.target_muscles, injury_knee_safe=excluded.injury_knee_safe, injury_back_safe=excluded.injury_back_safe, injury_shoulder_safe=excluded.injury_shoulder_safe, cues_uz=excluded.cues_uz, default_sets_reps=excluded.default_sets_reps;
insert into public.exercises (id, code, title, name_uz, category, equipment_tier, progression_tier, progression_group, target_muscles, injury_knee_safe, injury_back_safe, injury_shoulder_safe, cues_uz, default_sets_reps) values ('10ce6dbe-54b5-56c9-adf9-f10c41d74e48', 'co010', 'Pallof Press', 'Pallof itarish', 'core', 'gym_full', 3, 'rotation_chain', '{"obliques","core"}', true, true, true, 'Trosga yon turib, qo''lni oldinga itarib qarshilikka bardosh bering', '3 x 12 (har tomon)') on conflict (code) do update set title=excluded.title, name_uz=excluded.name_uz, category=excluded.category, equipment_tier=excluded.equipment_tier, progression_tier=excluded.progression_tier, progression_group=excluded.progression_group, target_muscles=excluded.target_muscles, injury_knee_safe=excluded.injury_knee_safe, injury_back_safe=excluded.injury_back_safe, injury_shoulder_safe=excluded.injury_shoulder_safe, cues_uz=excluded.cues_uz, default_sets_reps=excluded.default_sets_reps;
insert into public.exercises (id, code, title, name_uz, category, equipment_tier, progression_tier, progression_group, target_muscles, injury_knee_safe, injury_back_safe, injury_shoulder_safe, cues_uz, default_sets_reps) values ('46519be7-ebd5-51ef-9529-8e14160507bd', 'cd001', 'Brisk Walking', 'Tez yurish', 'cardio', 'bodyweight', 1, 'cardio_low', '{"full_body"}', true, true, true, 'Tez tempda, nafas tezlashgan lekin gaplasha oladigan darajada', '1 x 15-20 daqiqa') on conflict (code) do update set title=excluded.title, name_uz=excluded.name_uz, category=excluded.category, equipment_tier=excluded.equipment_tier, progression_tier=excluded.progression_tier, progression_group=excluded.progression_group, target_muscles=excluded.target_muscles, injury_knee_safe=excluded.injury_knee_safe, injury_back_safe=excluded.injury_back_safe, injury_shoulder_safe=excluded.injury_shoulder_safe, cues_uz=excluded.cues_uz, default_sets_reps=excluded.default_sets_reps;
insert into public.exercises (id, code, title, name_uz, category, equipment_tier, progression_tier, progression_group, target_muscles, injury_knee_safe, injury_back_safe, injury_shoulder_safe, cues_uz, default_sets_reps) values ('564f1efe-c383-5465-a0b8-ed6ab6c2784b', 'cd002', 'Jogging', 'Yengil yugurish (Jogging)', 'cardio', 'bodyweight', 2, 'cardio_low', '{"full_body"}', false, true, true, 'Doimiy yengil tempda, yelka bo''sh, qadam yumshoq', '1 x 15-20 daqiqa') on conflict (code) do update set title=excluded.title, name_uz=excluded.name_uz, category=excluded.category, equipment_tier=excluded.equipment_tier, progression_tier=excluded.progression_tier, progression_group=excluded.progression_group, target_muscles=excluded.target_muscles, injury_knee_safe=excluded.injury_knee_safe, injury_back_safe=excluded.injury_back_safe, injury_shoulder_safe=excluded.injury_shoulder_safe, cues_uz=excluded.cues_uz, default_sets_reps=excluded.default_sets_reps;
insert into public.exercises (id, code, title, name_uz, category, equipment_tier, progression_tier, progression_group, target_muscles, injury_knee_safe, injury_back_safe, injury_shoulder_safe, cues_uz, default_sets_reps) values ('ace8dae2-a151-5a37-adf0-cc1db3e82a8e', 'cd003', 'Jump Rope', 'Arqonda sakrash', 'cardio', 'dumbbell_band', 2, 'cardio_high', '{"calves","shoulders"}', false, true, true, 'Tirsak tanaga yaqin, faqat bilakda aylantiring, yengil sakrang', '3 x 60 sek') on conflict (code) do update set title=excluded.title, name_uz=excluded.name_uz, category=excluded.category, equipment_tier=excluded.equipment_tier, progression_tier=excluded.progression_tier, progression_group=excluded.progression_group, target_muscles=excluded.target_muscles, injury_knee_safe=excluded.injury_knee_safe, injury_back_safe=excluded.injury_back_safe, injury_shoulder_safe=excluded.injury_shoulder_safe, cues_uz=excluded.cues_uz, default_sets_reps=excluded.default_sets_reps;
insert into public.exercises (id, code, title, name_uz, category, equipment_tier, progression_tier, progression_group, target_muscles, injury_knee_safe, injury_back_safe, injury_shoulder_safe, cues_uz, default_sets_reps) values ('d19c2b7b-f2bc-58db-a33b-e4ec692f21d1', 'cd004', 'Burpees', 'Burpi (Burpees)', 'cardio', 'bodyweight', 3, 'cardio_high', '{"full_body"}', false, false, true, 'Squat-plank-pushup-sakrash ketma-ketligini uzluksiz bajaring', '3 x 10') on conflict (code) do update set title=excluded.title, name_uz=excluded.name_uz, category=excluded.category, equipment_tier=excluded.equipment_tier, progression_tier=excluded.progression_tier, progression_group=excluded.progression_group, target_muscles=excluded.target_muscles, injury_knee_safe=excluded.injury_knee_safe, injury_back_safe=excluded.injury_back_safe, injury_shoulder_safe=excluded.injury_shoulder_safe, cues_uz=excluded.cues_uz, default_sets_reps=excluded.default_sets_reps;
insert into public.exercises (id, code, title, name_uz, category, equipment_tier, progression_tier, progression_group, target_muscles, injury_knee_safe, injury_back_safe, injury_shoulder_safe, cues_uz, default_sets_reps) values ('774add7f-1f85-53b1-8197-b76f49f0ad42', 'cd005', 'Kettlebell Swing', 'Kettlebell silkitish', 'cardio', 'gym_full', 3, 'power_chain', '{"glutes","hamstrings","core"}', true, false, true, 'Sondan kuch olib kettlebell''ni ko''krak balandligigacha silkiting', '4 x 15') on conflict (code) do update set title=excluded.title, name_uz=excluded.name_uz, category=excluded.category, equipment_tier=excluded.equipment_tier, progression_tier=excluded.progression_tier, progression_group=excluded.progression_group, target_muscles=excluded.target_muscles, injury_knee_safe=excluded.injury_knee_safe, injury_back_safe=excluded.injury_back_safe, injury_shoulder_safe=excluded.injury_shoulder_safe, cues_uz=excluded.cues_uz, default_sets_reps=excluded.default_sets_reps;
insert into public.exercises (id, code, title, name_uz, category, equipment_tier, progression_tier, progression_group, target_muscles, injury_knee_safe, injury_back_safe, injury_shoulder_safe, cues_uz, default_sets_reps) values ('5e23d4d1-93eb-5392-ac0b-df51cdb5f519', 'cd006', 'Box Jump', 'Quti ustiga sakrash (Box Jump)', 'cardio', 'gym_full', 3, 'power_chain', '{"quads","glutes","calves"}', false, true, true, 'Ikki oyoqda sakrab quti ustiga yumshoq tushing', '4 x 8') on conflict (code) do update set title=excluded.title, name_uz=excluded.name_uz, category=excluded.category, equipment_tier=excluded.equipment_tier, progression_tier=excluded.progression_tier, progression_group=excluded.progression_group, target_muscles=excluded.target_muscles, injury_knee_safe=excluded.injury_knee_safe, injury_back_safe=excluded.injury_back_safe, injury_shoulder_safe=excluded.injury_shoulder_safe, cues_uz=excluded.cues_uz, default_sets_reps=excluded.default_sets_reps;
insert into public.exercises (id, code, title, name_uz, category, equipment_tier, progression_tier, progression_group, target_muscles, injury_knee_safe, injury_back_safe, injury_shoulder_safe, cues_uz, default_sets_reps) values ('aa5a220e-203a-5f64-bc9b-61f549994949', 'cd007', 'Medicine Ball Slam', 'Tibbiy to''pni urish (Slam)', 'cardio', 'gym_full', 2, 'power_chain', '{"core","shoulders"}', true, false, false, 'To''pni boshdan yuqoriga ko''tarib kuch bilan yerga uring', '4 x 10') on conflict (code) do update set title=excluded.title, name_uz=excluded.name_uz, category=excluded.category, equipment_tier=excluded.equipment_tier, progression_tier=excluded.progression_tier, progression_group=excluded.progression_group, target_muscles=excluded.target_muscles, injury_knee_safe=excluded.injury_knee_safe, injury_back_safe=excluded.injury_back_safe, injury_shoulder_safe=excluded.injury_shoulder_safe, cues_uz=excluded.cues_uz, default_sets_reps=excluded.default_sets_reps;

-- ===== Program =====
insert into public.programs (id, title, level, phase, mode, description) values ('ad2c696c-d3e0-5594-99c4-d342156639a5', 'Boshlang''ich — 1-faza', 'beginner', 1, 'standard', '8 haftalik boshlang''ich dastur: postura, asoslar, progressiya.') on conflict (id) do update set title=excluded.title, level=excluded.level, phase=excluded.phase, mode=excluded.mode, description=excluded.description;

-- ===== Program days =====
insert into public.program_days (id, program_id, week_no, day_no, weekday, session_title, intro_video_script, is_rest_day, is_test_day, is_milestone_day, format, rounds, total_duration_min, order_index) values ('4e8e02f1-72cd-5699-9e1e-386edf173cc8', 'ad2c696c-d3e0-5594-99c4-d342156639a5', 1, 1, 'Dushanba', 'Postura va Birinchi Qadam (Moslashtirilgan)', 'Salom! Bu dastur sizning tanangiz uchun maxsus moslashtirilgan — tempolar sekinroq, dam olish vaqti ko''proq. Shoshilmang, har bir harakatni diqqat bilan bajaring.', false, false, false, 'standard', null, 32, 1) on conflict (id) do update set weekday=excluded.weekday, session_title=excluded.session_title, intro_video_script=excluded.intro_video_script, is_rest_day=excluded.is_rest_day, is_test_day=excluded.is_test_day, is_milestone_day=excluded.is_milestone_day, format=excluded.format, rounds=excluded.rounds, total_duration_min=excluded.total_duration_min;
insert into public.program_day_exercises (id, program_day_id, section, order_index, exercise_id, sets, reps, rest_sec, rest_after_sec, notes) values ('42dc4517-ee20-5294-8fbe-40bc5109f3cf', '4e8e02f1-72cd-5699-9e1e-386edf173cc8', 'warmup', 1, 'e6b0e55b-0237-550d-9acb-6b6f6ddb568e', 1, '25 sek har tomon', null, null, 'Standartdan biroz uzunroq isinish') on conflict (id) do update set section=excluded.section, order_index=excluded.order_index, exercise_id=excluded.exercise_id, sets=excluded.sets, reps=excluded.reps, rest_sec=excluded.rest_sec, rest_after_sec=excluded.rest_after_sec, notes=excluded.notes;
insert into public.program_day_exercises (id, program_day_id, section, order_index, exercise_id, sets, reps, rest_sec, rest_after_sec, notes) values ('4d5495a9-aae7-52c2-94d7-7a66911b6b17', '4e8e02f1-72cd-5699-9e1e-386edf173cc8', 'warmup', 2, '45632068-9f8c-572f-86be-087fd821e7a5', 1, '10 takror', null, null, null) on conflict (id) do update set section=excluded.section, order_index=excluded.order_index, exercise_id=excluded.exercise_id, sets=excluded.sets, reps=excluded.reps, rest_sec=excluded.rest_sec, rest_after_sec=excluded.rest_after_sec, notes=excluded.notes;
insert into public.program_day_exercises (id, program_day_id, section, order_index, exercise_id, sets, reps, rest_sec, rest_after_sec, notes) values ('5cb98125-a0c2-52fc-b9fb-cee41fb2ce16', '4e8e02f1-72cd-5699-9e1e-386edf173cc8', 'warmup', 3, '404732f9-59af-5732-9d3c-02b4aa0862d6', 1, '10 har oyoq', null, null, null) on conflict (id) do update set section=excluded.section, order_index=excluded.order_index, exercise_id=excluded.exercise_id, sets=excluded.sets, reps=excluded.reps, rest_sec=excluded.rest_sec, rest_after_sec=excluded.rest_after_sec, notes=excluded.notes;
insert into public.program_day_exercises (id, program_day_id, section, order_index, exercise_id, sets, reps, rest_sec, rest_after_sec, notes) values ('3423f064-6ddf-5129-a8ff-1d19c1727f5e', '4e8e02f1-72cd-5699-9e1e-386edf173cc8', 'main', 1, '8b8362e6-cf42-51d2-a814-0a67e0184938', 2, '8', 90, null, 'Tizzangizga og''irlik tushsa, miqdorni kamaytiring. Sekin tushing, deyarli o''tirmasdan turing') on conflict (id) do update set section=excluded.section, order_index=excluded.order_index, exercise_id=excluded.exercise_id, sets=excluded.sets, reps=excluded.reps, rest_sec=excluded.rest_sec, rest_after_sec=excluded.rest_after_sec, notes=excluded.notes;
insert into public.program_day_exercises (id, program_day_id, section, order_index, exercise_id, sets, reps, rest_sec, rest_after_sec, notes) values ('39924f2a-16d3-5bbe-86f6-38442c398dc7', '4e8e02f1-72cd-5699-9e1e-386edf173cc8', 'main', 2, 'eac3ef9d-cd73-5dda-9cfd-ff56ab69c6ad', 2, '10', 90, null, 'Devordan masofani kerak bo''lsa kamaytiring') on conflict (id) do update set section=excluded.section, order_index=excluded.order_index, exercise_id=excluded.exercise_id, sets=excluded.sets, reps=excluded.reps, rest_sec=excluded.rest_sec, rest_after_sec=excluded.rest_after_sec, notes=excluded.notes;
insert into public.program_day_exercises (id, program_day_id, section, order_index, exercise_id, sets, reps, rest_sec, rest_after_sec, notes) values ('1ed1bfdd-668f-5f4e-b9e1-5fb21dbe4a7a', '4e8e02f1-72cd-5699-9e1e-386edf173cc8', 'main', 3, '4d036522-4eb3-5975-9d74-c5c8f3e583e0', 2, '12', 75, null, 'Yuqorida 2 soniya ushlab turing, bel pasaytirilmasin') on conflict (id) do update set section=excluded.section, order_index=excluded.order_index, exercise_id=excluded.exercise_id, sets=excluded.sets, reps=excluded.reps, rest_sec=excluded.rest_sec, rest_after_sec=excluded.rest_after_sec, notes=excluded.notes;
insert into public.program_day_exercises (id, program_day_id, section, order_index, exercise_id, sets, reps, rest_sec, rest_after_sec, notes) values ('f7543799-8099-59b1-a2b8-40ad098e2702', '4e8e02f1-72cd-5699-9e1e-386edf173cc8', 'cooldown', 1, 'ea691eb6-9c59-5809-b82c-0bf47c9248c9', 1, '40 sek', null, null, null) on conflict (id) do update set section=excluded.section, order_index=excluded.order_index, exercise_id=excluded.exercise_id, sets=excluded.sets, reps=excluded.reps, rest_sec=excluded.rest_sec, rest_after_sec=excluded.rest_after_sec, notes=excluded.notes;
insert into public.program_day_exercises (id, program_day_id, section, order_index, exercise_id, sets, reps, rest_sec, rest_after_sec, notes) values ('61c2b4a1-9143-5742-8bef-8b1992b815d2', '4e8e02f1-72cd-5699-9e1e-386edf173cc8', 'cooldown', 2, '7599d168-4a76-5d09-8606-b83ce4a9910a', 1, '30 sek har tomon', null, null, null) on conflict (id) do update set section=excluded.section, order_index=excluded.order_index, exercise_id=excluded.exercise_id, sets=excluded.sets, reps=excluded.reps, rest_sec=excluded.rest_sec, rest_after_sec=excluded.rest_after_sec, notes=excluded.notes;
insert into public.program_day_tasks (id, program_day_id, order_index, type, title, duration_min, target, optional, reward_xp, linked_to) values ('db77d42a-12a8-5480-a481-c9df9eebf7ed', '4e8e02f1-72cd-5699-9e1e-386edf173cc8', 0, 'education', 'Postura nima va nima uchun muhim?', 6, null, false, null, null) on conflict (id) do update set order_index=excluded.order_index, type=excluded.type, title=excluded.title, duration_min=excluded.duration_min, target=excluded.target, optional=excluded.optional, reward_xp=excluded.reward_xp, linked_to=excluded.linked_to;
insert into public.program_day_tasks (id, program_day_id, order_index, type, title, duration_min, target, optional, reward_xp, linked_to) values ('558def95-2d2b-51f1-8225-9dc955abad99', '4e8e02f1-72cd-5699-9e1e-386edf173cc8', 1, 'workout', 'Bugungi mashqlarni bajaring', null, null, false, null, 'main_workout') on conflict (id) do update set order_index=excluded.order_index, type=excluded.type, title=excluded.title, duration_min=excluded.duration_min, target=excluded.target, optional=excluded.optional, reward_xp=excluded.reward_xp, linked_to=excluded.linked_to;
insert into public.program_day_tasks (id, program_day_id, order_index, type, title, duration_min, target, optional, reward_xp, linked_to) values ('1bd26c9b-33af-5e32-8607-f66ee2225c5b', '4e8e02f1-72cd-5699-9e1e-386edf173cc8', 2, 'lifestyle', 'Bugun 6 stakan suv ichish', null, '6 glasses', false, null, null) on conflict (id) do update set order_index=excluded.order_index, type=excluded.type, title=excluded.title, duration_min=excluded.duration_min, target=excluded.target, optional=excluded.optional, reward_xp=excluded.reward_xp, linked_to=excluded.linked_to;
insert into public.program_day_tasks (id, program_day_id, order_index, type, title, duration_min, target, optional, reward_xp, linked_to) values ('a6a997b9-ed51-589c-8883-08ea8bca4f39', '4e8e02f1-72cd-5699-9e1e-386edf173cc8', 3, 'challenge', 'Bonus: 5 daqiqa quyoshda yuring', null, null, true, 10, null) on conflict (id) do update set order_index=excluded.order_index, type=excluded.type, title=excluded.title, duration_min=excluded.duration_min, target=excluded.target, optional=excluded.optional, reward_xp=excluded.reward_xp, linked_to=excluded.linked_to;
insert into public.program_days (id, program_id, week_no, day_no, weekday, session_title, intro_video_script, is_rest_day, is_test_day, is_milestone_day, format, rounds, total_duration_min, order_index) values ('7204d7e5-00db-5d70-b08e-5c29582ff296', 'ad2c696c-d3e0-5594-99c4-d342156639a5', 1, 2, 'Seshanba', 'DAM OLISH KUNI (Active Rest)', null, true, false, false, 'standard', null, null, 2) on conflict (id) do update set weekday=excluded.weekday, session_title=excluded.session_title, intro_video_script=excluded.intro_video_script, is_rest_day=excluded.is_rest_day, is_test_day=excluded.is_test_day, is_milestone_day=excluded.is_milestone_day, format=excluded.format, rounds=excluded.rounds, total_duration_min=excluded.total_duration_min;
insert into public.program_day_tasks (id, program_day_id, order_index, type, title, duration_min, target, optional, reward_xp, linked_to) values ('c412cfad-2d8f-57cc-a597-a0b7057b00fa', '7204d7e5-00db-5d70-b08e-5c29582ff296', 0, 'lifestyle', '10-15 daqiqa sayr qiling', null, '10-15 min walk', false, null, null) on conflict (id) do update set order_index=excluded.order_index, type=excluded.type, title=excluded.title, duration_min=excluded.duration_min, target=excluded.target, optional=excluded.optional, reward_xp=excluded.reward_xp, linked_to=excluded.linked_to;
insert into public.program_day_tasks (id, program_day_id, order_index, type, title, duration_min, target, optional, reward_xp, linked_to) values ('62facf08-102e-5c96-bd35-14f03fe12575', '7204d7e5-00db-5d70-b08e-5c29582ff296', 1, 'lifestyle', 'Bugun 6 stakan suv ichish', null, '6 glasses', false, null, null) on conflict (id) do update set order_index=excluded.order_index, type=excluded.type, title=excluded.title, duration_min=excluded.duration_min, target=excluded.target, optional=excluded.optional, reward_xp=excluded.reward_xp, linked_to=excluded.linked_to;
insert into public.program_days (id, program_id, week_no, day_no, weekday, session_title, intro_video_script, is_rest_day, is_test_day, is_milestone_day, format, rounds, total_duration_min, order_index) values ('5eca07b7-729d-5f99-89e2-f8737095e1fc', 'ad2c696c-d3e0-5594-99c4-d342156639a5', 1, 3, 'Chorshanba', 'Nafas va Qo''zg''aluvchanlik (Moslashtirilgan)', 'Bugun nafas olish texnikasini o''rganamiz — bu mashqlarni yengilroq his qilishga yordam beradi.', false, false, false, 'standard', null, 28, 3) on conflict (id) do update set weekday=excluded.weekday, session_title=excluded.session_title, intro_video_script=excluded.intro_video_script, is_rest_day=excluded.is_rest_day, is_test_day=excluded.is_test_day, is_milestone_day=excluded.is_milestone_day, format=excluded.format, rounds=excluded.rounds, total_duration_min=excluded.total_duration_min;
insert into public.program_day_exercises (id, program_day_id, section, order_index, exercise_id, sets, reps, rest_sec, rest_after_sec, notes) values ('5d9ca728-074c-5de8-8862-8ac06999a0f4', '5eca07b7-729d-5f99-89e2-f8737095e1fc', 'warmup', 1, '4dfb30c4-3a5f-5e7b-b8e9-b7cccc315a1d', 1, '15 sek', null, null, 'Sekin tempoda') on conflict (id) do update set section=excluded.section, order_index=excluded.order_index, exercise_id=excluded.exercise_id, sets=excluded.sets, reps=excluded.reps, rest_sec=excluded.rest_sec, rest_after_sec=excluded.rest_after_sec, notes=excluded.notes;
insert into public.program_day_exercises (id, program_day_id, section, order_index, exercise_id, sets, reps, rest_sec, rest_after_sec, notes) values ('1854c086-1922-54e0-808e-3732c24f5d77', '5eca07b7-729d-5f99-89e2-f8737095e1fc', 'warmup', 2, 'e786b59b-9645-563f-a17f-204570542828', 1, '10 takror', null, null, null) on conflict (id) do update set section=excluded.section, order_index=excluded.order_index, exercise_id=excluded.exercise_id, sets=excluded.sets, reps=excluded.reps, rest_sec=excluded.rest_sec, rest_after_sec=excluded.rest_after_sec, notes=excluded.notes;
insert into public.program_day_exercises (id, program_day_id, section, order_index, exercise_id, sets, reps, rest_sec, rest_after_sec, notes) values ('bf4d79a0-6a88-55e9-b852-41598827d825', '5eca07b7-729d-5f99-89e2-f8737095e1fc', 'main', 1, 'ffaaa067-f637-51c4-8f4b-cfe23459ad95', 2, '8', 75, null, 'Bel yerdan ko''tarilib ketmasin, sekin va nazorat bilan') on conflict (id) do update set section=excluded.section, order_index=excluded.order_index, exercise_id=excluded.exercise_id, sets=excluded.sets, reps=excluded.reps, rest_sec=excluded.rest_sec, rest_after_sec=excluded.rest_after_sec, notes=excluded.notes;
insert into public.program_day_exercises (id, program_day_id, section, order_index, exercise_id, sets, reps, rest_sec, rest_after_sec, notes) values ('7b68b17d-bf50-5ec8-9bbf-d6dbe5bb625a', '5eca07b7-729d-5f99-89e2-f8737095e1fc', 'main', 2, 'f4fb9482-7b7a-5685-9a9e-4d0bd895f853', 2, '8', 75, null, 'Muvozanatga e''tibor bering, shoshilmang') on conflict (id) do update set section=excluded.section, order_index=excluded.order_index, exercise_id=excluded.exercise_id, sets=excluded.sets, reps=excluded.reps, rest_sec=excluded.rest_sec, rest_after_sec=excluded.rest_after_sec, notes=excluded.notes;
insert into public.program_day_exercises (id, program_day_id, section, order_index, exercise_id, sets, reps, rest_sec, rest_after_sec, notes) values ('b1f52205-9bf6-5aa9-a0cb-527660a71dbd', '5eca07b7-729d-5f99-89e2-f8737095e1fc', 'main', 3, 'a22a5ed0-467a-5f61-a56a-7e33e906c159', 2, '20 sek', 75, null, 'Yerda Plank''ga qaraganda yukı kamroq — tizzada tayanib bajariladi') on conflict (id) do update set section=excluded.section, order_index=excluded.order_index, exercise_id=excluded.exercise_id, sets=excluded.sets, reps=excluded.reps, rest_sec=excluded.rest_sec, rest_after_sec=excluded.rest_after_sec, notes=excluded.notes;
insert into public.program_day_exercises (id, program_day_id, section, order_index, exercise_id, sets, reps, rest_sec, rest_after_sec, notes) values ('d35111af-953c-563f-a25e-01eadc56388d', '5eca07b7-729d-5f99-89e2-f8737095e1fc', 'cooldown', 1, '50dda5c0-8a74-5986-8336-c026ead2fe51', 1, '30 sek har oyoq', null, null, null) on conflict (id) do update set section=excluded.section, order_index=excluded.order_index, exercise_id=excluded.exercise_id, sets=excluded.sets, reps=excluded.reps, rest_sec=excluded.rest_sec, rest_after_sec=excluded.rest_after_sec, notes=excluded.notes;
insert into public.program_day_exercises (id, program_day_id, section, order_index, exercise_id, sets, reps, rest_sec, rest_after_sec, notes) values ('0e752322-8dec-5ff0-86d5-53ae05c86666', '5eca07b7-729d-5f99-89e2-f8737095e1fc', 'cooldown', 2, 'b26cfd56-68ae-5f6e-bbe3-b33b6ef28c55', 1, '30 sek', null, null, 'Agar bel og''rig''i bo''lsa, bu mashqni o''tkazib yuborishingiz mumkin') on conflict (id) do update set section=excluded.section, order_index=excluded.order_index, exercise_id=excluded.exercise_id, sets=excluded.sets, reps=excluded.reps, rest_sec=excluded.rest_sec, rest_after_sec=excluded.rest_after_sec, notes=excluded.notes;
insert into public.program_day_tasks (id, program_day_id, order_index, type, title, duration_min, target, optional, reward_xp, linked_to) values ('21d390ea-a073-5d65-a605-cd5909742437', '5eca07b7-729d-5f99-89e2-f8737095e1fc', 0, 'education', 'To''g''ri nafas olish texnikasi', 5, null, false, null, null) on conflict (id) do update set order_index=excluded.order_index, type=excluded.type, title=excluded.title, duration_min=excluded.duration_min, target=excluded.target, optional=excluded.optional, reward_xp=excluded.reward_xp, linked_to=excluded.linked_to;
insert into public.program_day_tasks (id, program_day_id, order_index, type, title, duration_min, target, optional, reward_xp, linked_to) values ('e704ebb9-02f2-5da9-9fdb-3eb7f3e078f7', '5eca07b7-729d-5f99-89e2-f8737095e1fc', 1, 'workout', 'Bugungi mashqlarni bajaring', null, null, false, null, 'main_workout') on conflict (id) do update set order_index=excluded.order_index, type=excluded.type, title=excluded.title, duration_min=excluded.duration_min, target=excluded.target, optional=excluded.optional, reward_xp=excluded.reward_xp, linked_to=excluded.linked_to;
insert into public.program_day_tasks (id, program_day_id, order_index, type, title, duration_min, target, optional, reward_xp, linked_to) values ('06e90cb4-4da8-5db3-bc10-ea0285b4f7dc', '5eca07b7-729d-5f99-89e2-f8737095e1fc', 2, 'lifestyle', 'Bugun 6 stakan suv ichish', null, '6 glasses', false, null, null) on conflict (id) do update set order_index=excluded.order_index, type=excluded.type, title=excluded.title, duration_min=excluded.duration_min, target=excluded.target, optional=excluded.optional, reward_xp=excluded.reward_xp, linked_to=excluded.linked_to;
insert into public.program_days (id, program_id, week_no, day_no, weekday, session_title, intro_video_script, is_rest_day, is_test_day, is_milestone_day, format, rounds, total_duration_min, order_index) values ('f894808b-ccd7-528b-953e-9428cc542c82', 'ad2c696c-d3e0-5594-99c4-d342156639a5', 1, 4, 'Payshanba', 'DAM OLISH KUNI', null, true, false, false, 'standard', null, null, 4) on conflict (id) do update set weekday=excluded.weekday, session_title=excluded.session_title, intro_video_script=excluded.intro_video_script, is_rest_day=excluded.is_rest_day, is_test_day=excluded.is_test_day, is_milestone_day=excluded.is_milestone_day, format=excluded.format, rounds=excluded.rounds, total_duration_min=excluded.total_duration_min;
insert into public.program_day_tasks (id, program_day_id, order_index, type, title, duration_min, target, optional, reward_xp, linked_to) values ('b5896df3-47c0-5b12-92d2-778955098d3b', 'f894808b-ccd7-528b-953e-9428cc542c82', 0, 'lifestyle', '10-15 daqiqa sayr qiling', null, '10-15 min walk', false, null, null) on conflict (id) do update set order_index=excluded.order_index, type=excluded.type, title=excluded.title, duration_min=excluded.duration_min, target=excluded.target, optional=excluded.optional, reward_xp=excluded.reward_xp, linked_to=excluded.linked_to;
insert into public.program_day_tasks (id, program_day_id, order_index, type, title, duration_min, target, optional, reward_xp, linked_to) values ('191ddbed-ea2f-5afa-8c8c-9b3f748f4bd6', 'f894808b-ccd7-528b-953e-9428cc542c82', 1, 'lifestyle', 'Bugun 6 stakan suv ichish', null, '6 glasses', false, null, null) on conflict (id) do update set order_index=excluded.order_index, type=excluded.type, title=excluded.title, duration_min=excluded.duration_min, target=excluded.target, optional=excluded.optional, reward_xp=excluded.reward_xp, linked_to=excluded.linked_to;
insert into public.program_days (id, program_id, week_no, day_no, weekday, session_title, intro_video_script, is_rest_day, is_test_day, is_milestone_day, format, rounds, total_duration_min, order_index) values ('ba8dcda5-f587-5177-80ef-3b57d42a0ba0', 'ad2c696c-d3e0-5594-99c4-d342156639a5', 1, 5, 'Juma', 'Yuqori va Quyi Tana (Moslashtirilgan)', 'Hafta oxiri! Bugun yengil tempda yuqori va quyi tana mashqlarini birlashtiramiz.', false, false, false, 'standard', null, 34, 5) on conflict (id) do update set weekday=excluded.weekday, session_title=excluded.session_title, intro_video_script=excluded.intro_video_script, is_rest_day=excluded.is_rest_day, is_test_day=excluded.is_test_day, is_milestone_day=excluded.is_milestone_day, format=excluded.format, rounds=excluded.rounds, total_duration_min=excluded.total_duration_min;
insert into public.program_day_exercises (id, program_day_id, section, order_index, exercise_id, sets, reps, rest_sec, rest_after_sec, notes) values ('eeeb7436-da67-597f-8eac-7680d4140b63', 'ba8dcda5-f587-5177-80ef-3b57d42a0ba0', 'warmup', 1, '404732f9-59af-5732-9d3c-02b4aa0862d6', 1, '10 har oyoq', null, null, null) on conflict (id) do update set section=excluded.section, order_index=excluded.order_index, exercise_id=excluded.exercise_id, sets=excluded.sets, reps=excluded.reps, rest_sec=excluded.rest_sec, rest_after_sec=excluded.rest_after_sec, notes=excluded.notes;
insert into public.program_day_exercises (id, program_day_id, section, order_index, exercise_id, sets, reps, rest_sec, rest_after_sec, notes) values ('54c6df24-0609-5c66-b0a9-f2f0e64e89b7', 'ba8dcda5-f587-5177-80ef-3b57d42a0ba0', 'warmup', 2, 'e786b59b-9645-563f-a17f-204570542828', 1, '10 takror', null, null, null) on conflict (id) do update set section=excluded.section, order_index=excluded.order_index, exercise_id=excluded.exercise_id, sets=excluded.sets, reps=excluded.reps, rest_sec=excluded.rest_sec, rest_after_sec=excluded.rest_after_sec, notes=excluded.notes;
insert into public.program_day_exercises (id, program_day_id, section, order_index, exercise_id, sets, reps, rest_sec, rest_after_sec, notes) values ('87ae1e71-935a-59aa-bf13-abd9c4bc2992', 'ba8dcda5-f587-5177-80ef-3b57d42a0ba0', 'main', 1, '8b8362e6-cf42-51d2-a814-0a67e0184938', 2, '10', 90, null, null) on conflict (id) do update set section=excluded.section, order_index=excluded.order_index, exercise_id=excluded.exercise_id, sets=excluded.sets, reps=excluded.reps, rest_sec=excluded.rest_sec, rest_after_sec=excluded.rest_after_sec, notes=excluded.notes;
insert into public.program_day_exercises (id, program_day_id, section, order_index, exercise_id, sets, reps, rest_sec, rest_after_sec, notes) values ('5c54778c-22d0-5e85-b6ee-f0dc1685d327', 'ba8dcda5-f587-5177-80ef-3b57d42a0ba0', 'main', 2, 'bfac5a77-0709-5b8e-9c8e-368f91175df3', 2, '6', 90, null, 'Yangi bosqich, lekin yengilroq — 6 takrordan boshlaymiz') on conflict (id) do update set section=excluded.section, order_index=excluded.order_index, exercise_id=excluded.exercise_id, sets=excluded.sets, reps=excluded.reps, rest_sec=excluded.rest_sec, rest_after_sec=excluded.rest_after_sec, notes=excluded.notes;
insert into public.program_day_exercises (id, program_day_id, section, order_index, exercise_id, sets, reps, rest_sec, rest_after_sec, notes) values ('b5fb7cdc-dc3d-5844-ac59-582256ec13f3', 'ba8dcda5-f587-5177-80ef-3b57d42a0ba0', 'main', 3, '676e388c-0072-52b2-8945-ee87f512c415', 2, '8', 75, null, 'Lunge o''rniga — tizza yukini kamaytiradi. Har oyoqqa 8 takror, past zinapoyadan boshlang') on conflict (id) do update set section=excluded.section, order_index=excluded.order_index, exercise_id=excluded.exercise_id, sets=excluded.sets, reps=excluded.reps, rest_sec=excluded.rest_sec, rest_after_sec=excluded.rest_after_sec, notes=excluded.notes;
insert into public.program_day_exercises (id, program_day_id, section, order_index, exercise_id, sets, reps, rest_sec, rest_after_sec, notes) values ('048a43a9-4864-5426-92d3-49e91a9d5d74', 'ba8dcda5-f587-5177-80ef-3b57d42a0ba0', 'main', 4, 'a22a5ed0-467a-5f61-a56a-7e33e906c159', 2, '18 sek', 75, null, null) on conflict (id) do update set section=excluded.section, order_index=excluded.order_index, exercise_id=excluded.exercise_id, sets=excluded.sets, reps=excluded.reps, rest_sec=excluded.rest_sec, rest_after_sec=excluded.rest_after_sec, notes=excluded.notes;
insert into public.program_day_exercises (id, program_day_id, section, order_index, exercise_id, sets, reps, rest_sec, rest_after_sec, notes) values ('9095949f-ef17-5f99-8e2e-b1a6514e1b1c', 'ba8dcda5-f587-5177-80ef-3b57d42a0ba0', 'cooldown', 1, 'f7a74d3a-036a-5da1-b807-27c8c6d87613', 1, '30 sek har oyoq', null, null, null) on conflict (id) do update set section=excluded.section, order_index=excluded.order_index, exercise_id=excluded.exercise_id, sets=excluded.sets, reps=excluded.reps, rest_sec=excluded.rest_sec, rest_after_sec=excluded.rest_after_sec, notes=excluded.notes;
insert into public.program_day_exercises (id, program_day_id, section, order_index, exercise_id, sets, reps, rest_sec, rest_after_sec, notes) values ('6f71895a-5333-5743-8cd5-d6708079a413', 'ba8dcda5-f587-5177-80ef-3b57d42a0ba0', 'cooldown', 2, 'ea691eb6-9c59-5809-b82c-0bf47c9248c9', 1, '30 sek', null, null, null) on conflict (id) do update set section=excluded.section, order_index=excluded.order_index, exercise_id=excluded.exercise_id, sets=excluded.sets, reps=excluded.reps, rest_sec=excluded.rest_sec, rest_after_sec=excluded.rest_after_sec, notes=excluded.notes;
insert into public.program_day_tasks (id, program_day_id, order_index, type, title, duration_min, target, optional, reward_xp, linked_to) values ('c29ce2dc-4e61-5690-b893-8eb39a3e5c79', 'ba8dcda5-f587-5177-80ef-3b57d42a0ba0', 0, 'workout', 'Bugungi mashqlarni bajaring', null, null, false, null, 'main_workout') on conflict (id) do update set order_index=excluded.order_index, type=excluded.type, title=excluded.title, duration_min=excluded.duration_min, target=excluded.target, optional=excluded.optional, reward_xp=excluded.reward_xp, linked_to=excluded.linked_to;
insert into public.program_day_tasks (id, program_day_id, order_index, type, title, duration_min, target, optional, reward_xp, linked_to) values ('e1630b1f-0f17-5f3f-982c-91a611ad4cf3', 'ba8dcda5-f587-5177-80ef-3b57d42a0ba0', 1, 'lifestyle', 'Bugun 6 stakan suv ichish', null, '6 glasses', false, null, null) on conflict (id) do update set order_index=excluded.order_index, type=excluded.type, title=excluded.title, duration_min=excluded.duration_min, target=excluded.target, optional=excluded.optional, reward_xp=excluded.reward_xp, linked_to=excluded.linked_to;
insert into public.program_day_tasks (id, program_day_id, order_index, type, title, duration_min, target, optional, reward_xp, linked_to) values ('2d83375a-9969-559f-94a5-8d108ec95c0e', 'ba8dcda5-f587-5177-80ef-3b57d42a0ba0', 2, 'challenge', 'Bonus: O''zingizni qanday his qilganingizni yozing (journal)', null, null, true, 15, null) on conflict (id) do update set order_index=excluded.order_index, type=excluded.type, title=excluded.title, duration_min=excluded.duration_min, target=excluded.target, optional=excluded.optional, reward_xp=excluded.reward_xp, linked_to=excluded.linked_to;
insert into public.program_days (id, program_id, week_no, day_no, weekday, session_title, intro_video_script, is_rest_day, is_test_day, is_milestone_day, format, rounds, total_duration_min, order_index) values ('350d669e-b210-5b46-8d93-df5d8a9a0430', 'ad2c696c-d3e0-5594-99c4-d342156639a5', 1, 6, 'Shanba', 'DAM OLISH KUNI', null, true, false, false, 'standard', null, null, 6) on conflict (id) do update set weekday=excluded.weekday, session_title=excluded.session_title, intro_video_script=excluded.intro_video_script, is_rest_day=excluded.is_rest_day, is_test_day=excluded.is_test_day, is_milestone_day=excluded.is_milestone_day, format=excluded.format, rounds=excluded.rounds, total_duration_min=excluded.total_duration_min;
insert into public.program_day_tasks (id, program_day_id, order_index, type, title, duration_min, target, optional, reward_xp, linked_to) values ('6a7be68f-cb69-55ea-b123-fce63b538b54', '350d669e-b210-5b46-8d93-df5d8a9a0430', 0, 'lifestyle', 'Erkin kun — istasangiz sayr qiling', null, 'optional walk', false, null, null) on conflict (id) do update set order_index=excluded.order_index, type=excluded.type, title=excluded.title, duration_min=excluded.duration_min, target=excluded.target, optional=excluded.optional, reward_xp=excluded.reward_xp, linked_to=excluded.linked_to;
insert into public.program_days (id, program_id, week_no, day_no, weekday, session_title, intro_video_script, is_rest_day, is_test_day, is_milestone_day, format, rounds, total_duration_min, order_index) values ('dc1da133-2b7b-5ab6-9d82-b5e5e7d450b7', 'ad2c696c-d3e0-5594-99c4-d342156639a5', 1, 7, 'Yakshanba', 'DAM OLISH KUNI + Haftalik Sharh', null, true, false, false, 'standard', null, null, 7) on conflict (id) do update set weekday=excluded.weekday, session_title=excluded.session_title, intro_video_script=excluded.intro_video_script, is_rest_day=excluded.is_rest_day, is_test_day=excluded.is_test_day, is_milestone_day=excluded.is_milestone_day, format=excluded.format, rounds=excluded.rounds, total_duration_min=excluded.total_duration_min;
insert into public.program_day_tasks (id, program_day_id, order_index, type, title, duration_min, target, optional, reward_xp, linked_to) values ('82a7228d-7940-500c-86d0-cf2ee3b256a3', 'dc1da133-2b7b-5ab6-9d82-b5e5e7d450b7', 0, 'lifestyle', 'To''liq dam oling', null, 'rest', false, null, null) on conflict (id) do update set order_index=excluded.order_index, type=excluded.type, title=excluded.title, duration_min=excluded.duration_min, target=excluded.target, optional=excluded.optional, reward_xp=excluded.reward_xp, linked_to=excluded.linked_to;
insert into public.program_day_tasks (id, program_day_id, order_index, type, title, duration_min, target, optional, reward_xp, linked_to) values ('840169f7-c0d9-54b9-ace6-44e1be185656', 'dc1da133-2b7b-5ab6-9d82-b5e5e7d450b7', 1, 'education', 'Haftalik sharh: Birinchi haftani yakunladingiz! Har bir qadam muhim', 3, null, false, null, null) on conflict (id) do update set order_index=excluded.order_index, type=excluded.type, title=excluded.title, duration_min=excluded.duration_min, target=excluded.target, optional=excluded.optional, reward_xp=excluded.reward_xp, linked_to=excluded.linked_to;
insert into public.program_days (id, program_id, week_no, day_no, weekday, session_title, intro_video_script, is_rest_day, is_test_day, is_milestone_day, format, rounds, total_duration_min, order_index) values ('2d828c59-2613-56f4-bc80-93447794013b', 'ad2c696c-d3e0-5594-99c4-d342156639a5', 2, 1, 'Dushanba', 'Squat Texnikasini Chuqurlashtirish (Moslashtirilgan)', 'Ikkinchi hafta — squat texnikasini chuqur o''rganamiz, tizza pozitsiyasiga alohida e''tibor bilan.', false, false, false, 'standard', null, 30, 1) on conflict (id) do update set weekday=excluded.weekday, session_title=excluded.session_title, intro_video_script=excluded.intro_video_script, is_rest_day=excluded.is_rest_day, is_test_day=excluded.is_test_day, is_milestone_day=excluded.is_milestone_day, format=excluded.format, rounds=excluded.rounds, total_duration_min=excluded.total_duration_min;
insert into public.program_day_exercises (id, program_day_id, section, order_index, exercise_id, sets, reps, rest_sec, rest_after_sec, notes) values ('e7435837-c2e4-5d22-8bbf-4ce01ffb06e4', '2d828c59-2613-56f4-bc80-93447794013b', 'warmup', 1, 'e6b0e55b-0237-550d-9acb-6b6f6ddb568e', 1, '20 sek', null, null, null) on conflict (id) do update set section=excluded.section, order_index=excluded.order_index, exercise_id=excluded.exercise_id, sets=excluded.sets, reps=excluded.reps, rest_sec=excluded.rest_sec, rest_after_sec=excluded.rest_after_sec, notes=excluded.notes;
insert into public.program_day_exercises (id, program_day_id, section, order_index, exercise_id, sets, reps, rest_sec, rest_after_sec, notes) values ('5509fec8-4f4f-579f-bf8f-2681bbac2288', '2d828c59-2613-56f4-bc80-93447794013b', 'warmup', 2, 'ed3eabdb-04d3-534a-b377-4c083f141e14', 1, '10 har tomon', null, null, null) on conflict (id) do update set section=excluded.section, order_index=excluded.order_index, exercise_id=excluded.exercise_id, sets=excluded.sets, reps=excluded.reps, rest_sec=excluded.rest_sec, rest_after_sec=excluded.rest_after_sec, notes=excluded.notes;
insert into public.program_day_exercises (id, program_day_id, section, order_index, exercise_id, sets, reps, rest_sec, rest_after_sec, notes) values ('2d34f66f-e7e3-5ee7-923d-359eea0ad0bd', '2d828c59-2613-56f4-bc80-93447794013b', 'main', 1, '8b8362e6-cf42-51d2-a814-0a67e0184938', 3, '8', 90, null, 'Set 2''dan 3''ga oshdi') on conflict (id) do update set section=excluded.section, order_index=excluded.order_index, exercise_id=excluded.exercise_id, sets=excluded.sets, reps=excluded.reps, rest_sec=excluded.rest_sec, rest_after_sec=excluded.rest_after_sec, notes=excluded.notes;
insert into public.program_day_exercises (id, program_day_id, section, order_index, exercise_id, sets, reps, rest_sec, rest_after_sec, notes) values ('c43dbcd5-8c7d-5631-bcbf-d959d84e0c5e', '2d828c59-2613-56f4-bc80-93447794013b', 'main', 2, 'eac3ef9d-cd73-5dda-9cfd-ff56ab69c6ad', 2, '12', 75, null, null) on conflict (id) do update set section=excluded.section, order_index=excluded.order_index, exercise_id=excluded.exercise_id, sets=excluded.sets, reps=excluded.reps, rest_sec=excluded.rest_sec, rest_after_sec=excluded.rest_after_sec, notes=excluded.notes;
insert into public.program_day_exercises (id, program_day_id, section, order_index, exercise_id, sets, reps, rest_sec, rest_after_sec, notes) values ('15fdc055-74a8-56c9-9e8c-ebadc8dd701d', '2d828c59-2613-56f4-bc80-93447794013b', 'cooldown', 1, 'f7a74d3a-036a-5da1-b807-27c8c6d87613', 1, '30 sek har oyoq', null, null, null) on conflict (id) do update set section=excluded.section, order_index=excluded.order_index, exercise_id=excluded.exercise_id, sets=excluded.sets, reps=excluded.reps, rest_sec=excluded.rest_sec, rest_after_sec=excluded.rest_after_sec, notes=excluded.notes;
insert into public.program_day_tasks (id, program_day_id, order_index, type, title, duration_min, target, optional, reward_xp, linked_to) values ('9788d16e-58bb-5598-b8d9-cddc524db76a', '2d828c59-2613-56f4-bc80-93447794013b', 0, 'education', 'Squat''da tizza nima uchun og''riydi (xato texnika)', 7, null, false, null, null) on conflict (id) do update set order_index=excluded.order_index, type=excluded.type, title=excluded.title, duration_min=excluded.duration_min, target=excluded.target, optional=excluded.optional, reward_xp=excluded.reward_xp, linked_to=excluded.linked_to;
insert into public.program_day_tasks (id, program_day_id, order_index, type, title, duration_min, target, optional, reward_xp, linked_to) values ('b8554ebc-7d95-5f01-a6e8-9ca6d44573eb', '2d828c59-2613-56f4-bc80-93447794013b', 1, 'workout', 'Bugungi mashqlarni bajaring', null, null, false, null, 'main_workout') on conflict (id) do update set order_index=excluded.order_index, type=excluded.type, title=excluded.title, duration_min=excluded.duration_min, target=excluded.target, optional=excluded.optional, reward_xp=excluded.reward_xp, linked_to=excluded.linked_to;
insert into public.program_day_tasks (id, program_day_id, order_index, type, title, duration_min, target, optional, reward_xp, linked_to) values ('b7d86599-8baf-51cd-8126-12ad4e65b446', '2d828c59-2613-56f4-bc80-93447794013b', 2, 'lifestyle', 'Bugun 6 stakan suv ichish', null, '6 glasses', false, null, null) on conflict (id) do update set order_index=excluded.order_index, type=excluded.type, title=excluded.title, duration_min=excluded.duration_min, target=excluded.target, optional=excluded.optional, reward_xp=excluded.reward_xp, linked_to=excluded.linked_to;
insert into public.program_days (id, program_id, week_no, day_no, weekday, session_title, intro_video_script, is_rest_day, is_test_day, is_milestone_day, format, rounds, total_duration_min, order_index) values ('11ebd610-a2fc-5164-a0f8-a44c383cab89', 'ad2c696c-d3e0-5594-99c4-d342156639a5', 2, 2, 'Seshanba', 'DAM OLISH KUNI', null, true, false, false, 'standard', null, null, 2) on conflict (id) do update set weekday=excluded.weekday, session_title=excluded.session_title, intro_video_script=excluded.intro_video_script, is_rest_day=excluded.is_rest_day, is_test_day=excluded.is_test_day, is_milestone_day=excluded.is_milestone_day, format=excluded.format, rounds=excluded.rounds, total_duration_min=excluded.total_duration_min;
insert into public.program_day_tasks (id, program_day_id, order_index, type, title, duration_min, target, optional, reward_xp, linked_to) values ('7ba52829-7969-56e4-8a0e-0afa50d9f9a7', '11ebd610-a2fc-5164-a0f8-a44c383cab89', 0, 'lifestyle', 'Yengil sayr (10 daqiqa)', null, 'optional', false, null, null) on conflict (id) do update set order_index=excluded.order_index, type=excluded.type, title=excluded.title, duration_min=excluded.duration_min, target=excluded.target, optional=excluded.optional, reward_xp=excluded.reward_xp, linked_to=excluded.linked_to;
insert into public.program_day_tasks (id, program_day_id, order_index, type, title, duration_min, target, optional, reward_xp, linked_to) values ('fbbb6d2f-370f-59ff-ab74-0d7c4fb0a9b3', '11ebd610-a2fc-5164-a0f8-a44c383cab89', 1, 'lifestyle', '6 stakan suv', null, '6 glasses', false, null, null) on conflict (id) do update set order_index=excluded.order_index, type=excluded.type, title=excluded.title, duration_min=excluded.duration_min, target=excluded.target, optional=excluded.optional, reward_xp=excluded.reward_xp, linked_to=excluded.linked_to;
insert into public.program_days (id, program_id, week_no, day_no, weekday, session_title, intro_video_script, is_rest_day, is_test_day, is_milestone_day, format, rounds, total_duration_min, order_index) values ('ef16fa9a-a73d-5b10-8b66-ba581d9179d6', 'ad2c696c-d3e0-5594-99c4-d342156639a5', 2, 3, 'Chorshanba', 'Push & Pull Asoslari (Moslashtirilgan)', 'Bugun yuqori tananing ikki tomonini — itarish va tortishni yengil tempda ishlatamiz.', false, false, false, 'standard', null, 30, 3) on conflict (id) do update set weekday=excluded.weekday, session_title=excluded.session_title, intro_video_script=excluded.intro_video_script, is_rest_day=excluded.is_rest_day, is_test_day=excluded.is_test_day, is_milestone_day=excluded.is_milestone_day, format=excluded.format, rounds=excluded.rounds, total_duration_min=excluded.total_duration_min;
insert into public.program_day_exercises (id, program_day_id, section, order_index, exercise_id, sets, reps, rest_sec, rest_after_sec, notes) values ('c04b402a-c97c-5110-847a-85bafcb8718a', 'ef16fa9a-a73d-5b10-8b66-ba581d9179d6', 'warmup', 1, 'e786b59b-9645-563f-a17f-204570542828', 1, '10 takror', null, null, null) on conflict (id) do update set section=excluded.section, order_index=excluded.order_index, exercise_id=excluded.exercise_id, sets=excluded.sets, reps=excluded.reps, rest_sec=excluded.rest_sec, rest_after_sec=excluded.rest_after_sec, notes=excluded.notes;
insert into public.program_day_exercises (id, program_day_id, section, order_index, exercise_id, sets, reps, rest_sec, rest_after_sec, notes) values ('c0b8f0c6-614d-5446-89c9-52265d62ed52', 'ef16fa9a-a73d-5b10-8b66-ba581d9179d6', 'main', 1, 'bfac5a77-0709-5b8e-9c8e-368f91175df3', 2, '8', 90, null, 'Davom etamiz — bu bosqichda biroz ko''proq vaqt sarflaymiz') on conflict (id) do update set section=excluded.section, order_index=excluded.order_index, exercise_id=excluded.exercise_id, sets=excluded.sets, reps=excluded.reps, rest_sec=excluded.rest_sec, rest_after_sec=excluded.rest_after_sec, notes=excluded.notes;
insert into public.program_day_exercises (id, program_day_id, section, order_index, exercise_id, sets, reps, rest_sec, rest_after_sec, notes) values ('35830125-7e49-595c-ad75-283c53c643e2', 'ef16fa9a-a73d-5b10-8b66-ba581d9179d6', 'main', 2, 'bf605dc2-15d1-5737-94ba-1f0e9d3debc4', 2, '10', 90, null, 'Lenta bo''lmasa: qo''lni cho''zib tortish imitatsiyasi') on conflict (id) do update set section=excluded.section, order_index=excluded.order_index, exercise_id=excluded.exercise_id, sets=excluded.sets, reps=excluded.reps, rest_sec=excluded.rest_sec, rest_after_sec=excluded.rest_after_sec, notes=excluded.notes;
insert into public.program_day_exercises (id, program_day_id, section, order_index, exercise_id, sets, reps, rest_sec, rest_after_sec, notes) values ('8e730147-55ea-5cd3-822e-11dd75bbd547', 'ef16fa9a-a73d-5b10-8b66-ba581d9179d6', 'main', 3, 'b8eecaa2-eb01-5b5a-aeba-e3b6662dcffe', 2, '15 sek', 75, null, 'Agar bel og''rig''i bo''lsa, harakat amplitudasini kamaytiring') on conflict (id) do update set section=excluded.section, order_index=excluded.order_index, exercise_id=excluded.exercise_id, sets=excluded.sets, reps=excluded.reps, rest_sec=excluded.rest_sec, rest_after_sec=excluded.rest_after_sec, notes=excluded.notes;
insert into public.program_day_exercises (id, program_day_id, section, order_index, exercise_id, sets, reps, rest_sec, rest_after_sec, notes) values ('709e511d-1353-5f23-95da-abc067f71b3d', 'ef16fa9a-a73d-5b10-8b66-ba581d9179d6', 'cooldown', 1, '7599d168-4a76-5d09-8606-b83ce4a9910a', 1, '30 sek har tomon', null, null, null) on conflict (id) do update set section=excluded.section, order_index=excluded.order_index, exercise_id=excluded.exercise_id, sets=excluded.sets, reps=excluded.reps, rest_sec=excluded.rest_sec, rest_after_sec=excluded.rest_after_sec, notes=excluded.notes;
insert into public.program_day_tasks (id, program_day_id, order_index, type, title, duration_min, target, optional, reward_xp, linked_to) values ('2a9db497-7ca8-55b0-ace3-767ce070d2a4', 'ef16fa9a-a73d-5b10-8b66-ba581d9179d6', 0, 'education', 'Nega faqat Push-up emas — Pull mashqlari nima uchun kerak', 5, null, false, null, null) on conflict (id) do update set order_index=excluded.order_index, type=excluded.type, title=excluded.title, duration_min=excluded.duration_min, target=excluded.target, optional=excluded.optional, reward_xp=excluded.reward_xp, linked_to=excluded.linked_to;
insert into public.program_day_tasks (id, program_day_id, order_index, type, title, duration_min, target, optional, reward_xp, linked_to) values ('eee3b9e3-56df-5a0b-89c9-f1c339293f82', 'ef16fa9a-a73d-5b10-8b66-ba581d9179d6', 1, 'workout', 'Bugungi mashqlarni bajaring', null, null, false, null, 'main_workout') on conflict (id) do update set order_index=excluded.order_index, type=excluded.type, title=excluded.title, duration_min=excluded.duration_min, target=excluded.target, optional=excluded.optional, reward_xp=excluded.reward_xp, linked_to=excluded.linked_to;
insert into public.program_day_tasks (id, program_day_id, order_index, type, title, duration_min, target, optional, reward_xp, linked_to) values ('4895b401-a111-50a7-a96f-29e02af7ea99', 'ef16fa9a-a73d-5b10-8b66-ba581d9179d6', 2, 'lifestyle', '6 stakan suv', null, '6 glasses', false, null, null) on conflict (id) do update set order_index=excluded.order_index, type=excluded.type, title=excluded.title, duration_min=excluded.duration_min, target=excluded.target, optional=excluded.optional, reward_xp=excluded.reward_xp, linked_to=excluded.linked_to;
insert into public.program_days (id, program_id, week_no, day_no, weekday, session_title, intro_video_script, is_rest_day, is_test_day, is_milestone_day, format, rounds, total_duration_min, order_index) values ('fc9b7209-a517-5aa3-9ca5-763cc0099e07', 'ad2c696c-d3e0-5594-99c4-d342156639a5', 2, 4, 'Payshanba', 'DAM OLISH KUNI', null, true, false, false, 'standard', null, null, 4) on conflict (id) do update set weekday=excluded.weekday, session_title=excluded.session_title, intro_video_script=excluded.intro_video_script, is_rest_day=excluded.is_rest_day, is_test_day=excluded.is_test_day, is_milestone_day=excluded.is_milestone_day, format=excluded.format, rounds=excluded.rounds, total_duration_min=excluded.total_duration_min;
insert into public.program_day_tasks (id, program_day_id, order_index, type, title, duration_min, target, optional, reward_xp, linked_to) values ('014fd30e-96bf-53a3-bc2f-dcdffa4789fb', 'fc9b7209-a517-5aa3-9ca5-763cc0099e07', 0, 'lifestyle', 'Yengil 10-15 daqiqa sayr', null, 'optional', false, null, null) on conflict (id) do update set order_index=excluded.order_index, type=excluded.type, title=excluded.title, duration_min=excluded.duration_min, target=excluded.target, optional=excluded.optional, reward_xp=excluded.reward_xp, linked_to=excluded.linked_to;
insert into public.program_day_tasks (id, program_day_id, order_index, type, title, duration_min, target, optional, reward_xp, linked_to) values ('e7be986f-224c-5b50-aa0f-da5360d2cfc4', 'fc9b7209-a517-5aa3-9ca5-763cc0099e07', 1, 'lifestyle', '6 stakan suv', null, '6 glasses', false, null, null) on conflict (id) do update set order_index=excluded.order_index, type=excluded.type, title=excluded.title, duration_min=excluded.duration_min, target=excluded.target, optional=excluded.optional, reward_xp=excluded.reward_xp, linked_to=excluded.linked_to;
insert into public.program_days (id, program_id, week_no, day_no, weekday, session_title, intro_video_script, is_rest_day, is_test_day, is_milestone_day, format, rounds, total_duration_min, order_index) values ('4f7b1992-7725-58ee-930f-d3faaecc610b', 'ad2c696c-d3e0-5594-99c4-d342156639a5', 2, 5, 'Juma', 'Core Stability va Muvozanat (Moslashtirilgan)', 'Bugun qorin mushaklarini mustahkamlaymiz — sekin va nazorat bilan.', false, false, false, 'standard', null, 32, 5) on conflict (id) do update set weekday=excluded.weekday, session_title=excluded.session_title, intro_video_script=excluded.intro_video_script, is_rest_day=excluded.is_rest_day, is_test_day=excluded.is_test_day, is_milestone_day=excluded.is_milestone_day, format=excluded.format, rounds=excluded.rounds, total_duration_min=excluded.total_duration_min;
insert into public.program_day_exercises (id, program_day_id, section, order_index, exercise_id, sets, reps, rest_sec, rest_after_sec, notes) values ('acd3e520-1899-58dd-8d82-230f4fb8666a', '4f7b1992-7725-58ee-930f-d3faaecc610b', 'warmup', 1, '45632068-9f8c-572f-86be-087fd821e7a5', 1, '10 takror', null, null, null) on conflict (id) do update set section=excluded.section, order_index=excluded.order_index, exercise_id=excluded.exercise_id, sets=excluded.sets, reps=excluded.reps, rest_sec=excluded.rest_sec, rest_after_sec=excluded.rest_after_sec, notes=excluded.notes;
insert into public.program_day_exercises (id, program_day_id, section, order_index, exercise_id, sets, reps, rest_sec, rest_after_sec, notes) values ('47596221-f0ae-5a7f-8d47-5425ddfc7fd2', '4f7b1992-7725-58ee-930f-d3faaecc610b', 'main', 1, 'ffaaa067-f637-51c4-8f4b-cfe23459ad95', 2, '10', 75, null, null) on conflict (id) do update set section=excluded.section, order_index=excluded.order_index, exercise_id=excluded.exercise_id, sets=excluded.sets, reps=excluded.reps, rest_sec=excluded.rest_sec, rest_after_sec=excluded.rest_after_sec, notes=excluded.notes;
insert into public.program_day_exercises (id, program_day_id, section, order_index, exercise_id, sets, reps, rest_sec, rest_after_sec, notes) values ('25100775-5c7e-5bef-b710-60e2ee4acacc', '4f7b1992-7725-58ee-930f-d3faaecc610b', 'main', 2, 'f4fb9482-7b7a-5685-9a9e-4d0bd895f853', 2, '10', 75, null, null) on conflict (id) do update set section=excluded.section, order_index=excluded.order_index, exercise_id=excluded.exercise_id, sets=excluded.sets, reps=excluded.reps, rest_sec=excluded.rest_sec, rest_after_sec=excluded.rest_after_sec, notes=excluded.notes;
insert into public.program_day_exercises (id, program_day_id, section, order_index, exercise_id, sets, reps, rest_sec, rest_after_sec, notes) values ('32fed21a-2ba2-564b-8fe6-63fb067ed42c', '4f7b1992-7725-58ee-930f-d3faaecc610b', 'main', 3, 'a22a5ed0-467a-5f61-a56a-7e33e906c159', 2, '22 sek', 75, null, null) on conflict (id) do update set section=excluded.section, order_index=excluded.order_index, exercise_id=excluded.exercise_id, sets=excluded.sets, reps=excluded.reps, rest_sec=excluded.rest_sec, rest_after_sec=excluded.rest_after_sec, notes=excluded.notes;
insert into public.program_day_exercises (id, program_day_id, section, order_index, exercise_id, sets, reps, rest_sec, rest_after_sec, notes) values ('d9901338-273e-5bad-a4c1-d0f329a3cca5', '4f7b1992-7725-58ee-930f-d3faaecc610b', 'main', 4, '8b8362e6-cf42-51d2-a814-0a67e0184938', 2, '10', 90, null, null) on conflict (id) do update set section=excluded.section, order_index=excluded.order_index, exercise_id=excluded.exercise_id, sets=excluded.sets, reps=excluded.reps, rest_sec=excluded.rest_sec, rest_after_sec=excluded.rest_after_sec, notes=excluded.notes;
insert into public.program_day_exercises (id, program_day_id, section, order_index, exercise_id, sets, reps, rest_sec, rest_after_sec, notes) values ('9ef6fea8-d51c-5e5c-a4f5-47d1beb36cec', '4f7b1992-7725-58ee-930f-d3faaecc610b', 'cooldown', 1, 'b26cfd56-68ae-5f6e-bbe3-b33b6ef28c55', 1, '30 sek', null, null, null) on conflict (id) do update set section=excluded.section, order_index=excluded.order_index, exercise_id=excluded.exercise_id, sets=excluded.sets, reps=excluded.reps, rest_sec=excluded.rest_sec, rest_after_sec=excluded.rest_after_sec, notes=excluded.notes;
insert into public.program_day_tasks (id, program_day_id, order_index, type, title, duration_min, target, optional, reward_xp, linked_to) values ('3751f820-ae06-5800-b91b-b7cb19f0c396', '4f7b1992-7725-58ee-930f-d3faaecc610b', 0, 'workout', 'Bugungi mashqlarni bajaring', null, null, false, null, 'main_workout') on conflict (id) do update set order_index=excluded.order_index, type=excluded.type, title=excluded.title, duration_min=excluded.duration_min, target=excluded.target, optional=excluded.optional, reward_xp=excluded.reward_xp, linked_to=excluded.linked_to;
insert into public.program_day_tasks (id, program_day_id, order_index, type, title, duration_min, target, optional, reward_xp, linked_to) values ('65d38b7a-8775-561f-b658-c0b0c7f124b3', '4f7b1992-7725-58ee-930f-d3faaecc610b', 1, 'lifestyle', '6 stakan suv', null, '6 glasses', false, null, null) on conflict (id) do update set order_index=excluded.order_index, type=excluded.type, title=excluded.title, duration_min=excluded.duration_min, target=excluded.target, optional=excluded.optional, reward_xp=excluded.reward_xp, linked_to=excluded.linked_to;
insert into public.program_day_tasks (id, program_day_id, order_index, type, title, duration_min, target, optional, reward_xp, linked_to) values ('386100a5-a9e9-58cf-b1c4-4724f1d7cf63', '4f7b1992-7725-58ee-930f-d3faaecc610b', 2, 'challenge', 'Bonus: Tizzada Plank''ni 5 soniya uzoqroq ushlang', null, null, true, 10, null) on conflict (id) do update set order_index=excluded.order_index, type=excluded.type, title=excluded.title, duration_min=excluded.duration_min, target=excluded.target, optional=excluded.optional, reward_xp=excluded.reward_xp, linked_to=excluded.linked_to;
insert into public.program_days (id, program_id, week_no, day_no, weekday, session_title, intro_video_script, is_rest_day, is_test_day, is_milestone_day, format, rounds, total_duration_min, order_index) values ('a23d66c4-0f40-57f7-b321-ddb422573de5', 'ad2c696c-d3e0-5594-99c4-d342156639a5', 2, 6, 'Shanba', 'DAM OLISH KUNI', null, true, false, false, 'standard', null, null, 6) on conflict (id) do update set weekday=excluded.weekday, session_title=excluded.session_title, intro_video_script=excluded.intro_video_script, is_rest_day=excluded.is_rest_day, is_test_day=excluded.is_test_day, is_milestone_day=excluded.is_milestone_day, format=excluded.format, rounds=excluded.rounds, total_duration_min=excluded.total_duration_min;
insert into public.program_day_tasks (id, program_day_id, order_index, type, title, duration_min, target, optional, reward_xp, linked_to) values ('ed94cfba-5600-5c91-b858-9379c3d2e3d5', 'a23d66c4-0f40-57f7-b321-ddb422573de5', 0, 'lifestyle', 'Erkin kun', null, 'optional', false, null, null) on conflict (id) do update set order_index=excluded.order_index, type=excluded.type, title=excluded.title, duration_min=excluded.duration_min, target=excluded.target, optional=excluded.optional, reward_xp=excluded.reward_xp, linked_to=excluded.linked_to;
insert into public.program_days (id, program_id, week_no, day_no, weekday, session_title, intro_video_script, is_rest_day, is_test_day, is_milestone_day, format, rounds, total_duration_min, order_index) values ('acda4764-a4b7-5211-a360-382cae11fe64', 'ad2c696c-d3e0-5594-99c4-d342156639a5', 2, 7, 'Yakshanba', 'DAM OLISH + Sharh', null, true, false, false, 'standard', null, null, 7) on conflict (id) do update set weekday=excluded.weekday, session_title=excluded.session_title, intro_video_script=excluded.intro_video_script, is_rest_day=excluded.is_rest_day, is_test_day=excluded.is_test_day, is_milestone_day=excluded.is_milestone_day, format=excluded.format, rounds=excluded.rounds, total_duration_min=excluded.total_duration_min;
insert into public.program_day_tasks (id, program_day_id, order_index, type, title, duration_min, target, optional, reward_xp, linked_to) values ('5cd71076-f72c-5dad-bf31-0e9b5217fc81', 'acda4764-a4b7-5211-a360-382cae11fe64', 0, 'education', '2-hafta yakunlandi! Yaxshi sur''atda davom etayapsiz', 3, null, false, null, null) on conflict (id) do update set order_index=excluded.order_index, type=excluded.type, title=excluded.title, duration_min=excluded.duration_min, target=excluded.target, optional=excluded.optional, reward_xp=excluded.reward_xp, linked_to=excluded.linked_to;
insert into public.program_days (id, program_id, week_no, day_no, weekday, session_title, intro_video_script, is_rest_day, is_test_day, is_milestone_day, format, rounds, total_duration_min, order_index) values ('ca006a4d-e820-5318-9bc7-02f50b3cb00c', 'ad2c696c-d3e0-5594-99c4-d342156639a5', 3, 1, 'Dushanba', 'Quyi Tana Kuchaytirish (Moslashtirilgan)', 'Uchinchi hafta — tananingiz tayyorlanib bo''ldi, bugun biroz ko''proq takror bilan davom etamiz.', false, false, false, 'standard', null, 33, 1) on conflict (id) do update set weekday=excluded.weekday, session_title=excluded.session_title, intro_video_script=excluded.intro_video_script, is_rest_day=excluded.is_rest_day, is_test_day=excluded.is_test_day, is_milestone_day=excluded.is_milestone_day, format=excluded.format, rounds=excluded.rounds, total_duration_min=excluded.total_duration_min;
insert into public.program_day_exercises (id, program_day_id, section, order_index, exercise_id, sets, reps, rest_sec, rest_after_sec, notes) values ('e1cdbb0d-a032-5718-9303-dadd89d7667e', 'ca006a4d-e820-5318-9bc7-02f50b3cb00c', 'warmup', 1, '404732f9-59af-5732-9d3c-02b4aa0862d6', 1, '10 har oyoq', null, null, null) on conflict (id) do update set section=excluded.section, order_index=excluded.order_index, exercise_id=excluded.exercise_id, sets=excluded.sets, reps=excluded.reps, rest_sec=excluded.rest_sec, rest_after_sec=excluded.rest_after_sec, notes=excluded.notes;
insert into public.program_day_exercises (id, program_day_id, section, order_index, exercise_id, sets, reps, rest_sec, rest_after_sec, notes) values ('bbcf1346-41ea-5536-a6b2-c2867c1b4652', 'ca006a4d-e820-5318-9bc7-02f50b3cb00c', 'main', 1, '8b8362e6-cf42-51d2-a814-0a67e0184938', 3, '10', 90, null, 'Rep 8''dan 10''ga oshdi') on conflict (id) do update set section=excluded.section, order_index=excluded.order_index, exercise_id=excluded.exercise_id, sets=excluded.sets, reps=excluded.reps, rest_sec=excluded.rest_sec, rest_after_sec=excluded.rest_after_sec, notes=excluded.notes;
insert into public.program_day_exercises (id, program_day_id, section, order_index, exercise_id, sets, reps, rest_sec, rest_after_sec, notes) values ('da904d59-92b1-5788-9bdd-e45e88853190', 'ca006a4d-e820-5318-9bc7-02f50b3cb00c', 'main', 2, '676e388c-0072-52b2-8945-ee87f512c415', 3, '8', 75, null, 'Har oyoqqa 8') on conflict (id) do update set section=excluded.section, order_index=excluded.order_index, exercise_id=excluded.exercise_id, sets=excluded.sets, reps=excluded.reps, rest_sec=excluded.rest_sec, rest_after_sec=excluded.rest_after_sec, notes=excluded.notes;
insert into public.program_day_exercises (id, program_day_id, section, order_index, exercise_id, sets, reps, rest_sec, rest_after_sec, notes) values ('307568be-87c8-5b77-8f42-73f0ba46f19c', 'ca006a4d-e820-5318-9bc7-02f50b3cb00c', 'main', 3, '1c3578e5-bc07-58aa-9487-d466ae6d4eec', 2, '8', 90, null, 'Tizzani yengil bukib, sekin egiling — bel og''rig''i bo''lsa amplitudani kamaytiring') on conflict (id) do update set section=excluded.section, order_index=excluded.order_index, exercise_id=excluded.exercise_id, sets=excluded.sets, reps=excluded.reps, rest_sec=excluded.rest_sec, rest_after_sec=excluded.rest_after_sec, notes=excluded.notes;
insert into public.program_day_exercises (id, program_day_id, section, order_index, exercise_id, sets, reps, rest_sec, rest_after_sec, notes) values ('3d03a10f-39b5-5714-8837-595c2d175a48', 'ca006a4d-e820-5318-9bc7-02f50b3cb00c', 'cooldown', 1, '50dda5c0-8a74-5986-8336-c026ead2fe51', 1, '30 sek har oyoq', null, null, null) on conflict (id) do update set section=excluded.section, order_index=excluded.order_index, exercise_id=excluded.exercise_id, sets=excluded.sets, reps=excluded.reps, rest_sec=excluded.rest_sec, rest_after_sec=excluded.rest_after_sec, notes=excluded.notes;
insert into public.program_day_tasks (id, program_day_id, order_index, type, title, duration_min, target, optional, reward_xp, linked_to) values ('080605a0-610b-518e-b721-e1543f4e97b8', 'ca006a4d-e820-5318-9bc7-02f50b3cb00c', 0, 'education', 'Progressive Overload nima — yukni qanday oshiramiz', 6, null, false, null, null) on conflict (id) do update set order_index=excluded.order_index, type=excluded.type, title=excluded.title, duration_min=excluded.duration_min, target=excluded.target, optional=excluded.optional, reward_xp=excluded.reward_xp, linked_to=excluded.linked_to;
insert into public.program_day_tasks (id, program_day_id, order_index, type, title, duration_min, target, optional, reward_xp, linked_to) values ('1d1f6a30-af7f-55dc-961d-ad9a9fba30ec', 'ca006a4d-e820-5318-9bc7-02f50b3cb00c', 1, 'workout', 'Bugungi mashqlarni bajaring', null, null, false, null, 'main_workout') on conflict (id) do update set order_index=excluded.order_index, type=excluded.type, title=excluded.title, duration_min=excluded.duration_min, target=excluded.target, optional=excluded.optional, reward_xp=excluded.reward_xp, linked_to=excluded.linked_to;
insert into public.program_day_tasks (id, program_day_id, order_index, type, title, duration_min, target, optional, reward_xp, linked_to) values ('815d7de6-34c5-53f1-a935-c7f7267dc407', 'ca006a4d-e820-5318-9bc7-02f50b3cb00c', 2, 'lifestyle', '7 stakan suv ichish', null, '7 glasses', false, null, null) on conflict (id) do update set order_index=excluded.order_index, type=excluded.type, title=excluded.title, duration_min=excluded.duration_min, target=excluded.target, optional=excluded.optional, reward_xp=excluded.reward_xp, linked_to=excluded.linked_to;
insert into public.program_days (id, program_id, week_no, day_no, weekday, session_title, intro_video_script, is_rest_day, is_test_day, is_milestone_day, format, rounds, total_duration_min, order_index) values ('813a468e-2028-5b02-8f0c-05d75e9bc9e2', 'ad2c696c-d3e0-5594-99c4-d342156639a5', 3, 2, 'Seshanba', 'DAM OLISH KUNI', null, true, false, false, 'standard', null, null, 2) on conflict (id) do update set weekday=excluded.weekday, session_title=excluded.session_title, intro_video_script=excluded.intro_video_script, is_rest_day=excluded.is_rest_day, is_test_day=excluded.is_test_day, is_milestone_day=excluded.is_milestone_day, format=excluded.format, rounds=excluded.rounds, total_duration_min=excluded.total_duration_min;
insert into public.program_day_tasks (id, program_day_id, order_index, type, title, duration_min, target, optional, reward_xp, linked_to) values ('2d7257d9-4561-5434-8a2d-b0cc339b43cc', '813a468e-2028-5b02-8f0c-05d75e9bc9e2', 0, 'lifestyle', '15 daqiqa yurish', null, '15 min walk', false, null, null) on conflict (id) do update set order_index=excluded.order_index, type=excluded.type, title=excluded.title, duration_min=excluded.duration_min, target=excluded.target, optional=excluded.optional, reward_xp=excluded.reward_xp, linked_to=excluded.linked_to;
insert into public.program_day_tasks (id, program_day_id, order_index, type, title, duration_min, target, optional, reward_xp, linked_to) values ('a5987520-783a-53d3-8d7d-aedd3a847fb7', '813a468e-2028-5b02-8f0c-05d75e9bc9e2', 1, 'lifestyle', '7 stakan suv', null, '7 glasses', false, null, null) on conflict (id) do update set order_index=excluded.order_index, type=excluded.type, title=excluded.title, duration_min=excluded.duration_min, target=excluded.target, optional=excluded.optional, reward_xp=excluded.reward_xp, linked_to=excluded.linked_to;
insert into public.program_days (id, program_id, week_no, day_no, weekday, session_title, intro_video_script, is_rest_day, is_test_day, is_milestone_day, format, rounds, total_duration_min, order_index) values ('1c687507-4c18-5406-b2f0-bab908b216cc', 'ad2c696c-d3e0-5594-99c4-d342156639a5', 3, 3, 'Chorshanba', 'Yuqori Tana — Davom (Moslashtirilgan)', 'Bugun Tizzada Push-up''da davom etamiz — bu bosqichda yana bir hafta sabr qilamiz, keyin keyingi bosqichga o''tamiz.', false, false, false, 'standard', null, 28, 3) on conflict (id) do update set weekday=excluded.weekday, session_title=excluded.session_title, intro_video_script=excluded.intro_video_script, is_rest_day=excluded.is_rest_day, is_test_day=excluded.is_test_day, is_milestone_day=excluded.is_milestone_day, format=excluded.format, rounds=excluded.rounds, total_duration_min=excluded.total_duration_min;
insert into public.program_day_exercises (id, program_day_id, section, order_index, exercise_id, sets, reps, rest_sec, rest_after_sec, notes) values ('365cc58e-e8e5-5bef-889f-ee5763008cbf', '1c687507-4c18-5406-b2f0-bab908b216cc', 'warmup', 1, 'e786b59b-9645-563f-a17f-204570542828', 1, '10 takror', null, null, null) on conflict (id) do update set section=excluded.section, order_index=excluded.order_index, exercise_id=excluded.exercise_id, sets=excluded.sets, reps=excluded.reps, rest_sec=excluded.rest_sec, rest_after_sec=excluded.rest_after_sec, notes=excluded.notes;
insert into public.program_day_exercises (id, program_day_id, section, order_index, exercise_id, sets, reps, rest_sec, rest_after_sec, notes) values ('5cf12e02-5934-51d1-babc-df80395337f6', '1c687507-4c18-5406-b2f0-bab908b216cc', 'main', 1, 'bfac5a77-0709-5b8e-9c8e-368f91175df3', 3, '8', 90, null, 'Hujjat qoidasiga ko''ra Tizzada bosqichi standartdan 2 hafta ko''proq davom etadi') on conflict (id) do update set section=excluded.section, order_index=excluded.order_index, exercise_id=excluded.exercise_id, sets=excluded.sets, reps=excluded.reps, rest_sec=excluded.rest_sec, rest_after_sec=excluded.rest_after_sec, notes=excluded.notes;
insert into public.program_day_exercises (id, program_day_id, section, order_index, exercise_id, sets, reps, rest_sec, rest_after_sec, notes) values ('bded57d1-a91b-54fc-be0b-8012d9be1ffa', '1c687507-4c18-5406-b2f0-bab908b216cc', 'main', 2, '8fc8157a-cd49-5977-a26f-add0538b55d9', 2, '8', 90, null, 'Stol ostida bajarish mumkin') on conflict (id) do update set section=excluded.section, order_index=excluded.order_index, exercise_id=excluded.exercise_id, sets=excluded.sets, reps=excluded.reps, rest_sec=excluded.rest_sec, rest_after_sec=excluded.rest_after_sec, notes=excluded.notes;
insert into public.program_day_exercises (id, program_day_id, section, order_index, exercise_id, sets, reps, rest_sec, rest_after_sec, notes) values ('aec96a21-4c53-5eb2-adbe-391622962f28', '1c687507-4c18-5406-b2f0-bab908b216cc', 'cooldown', 1, '7599d168-4a76-5d09-8606-b83ce4a9910a', 1, '30 sek har tomon', null, null, null) on conflict (id) do update set section=excluded.section, order_index=excluded.order_index, exercise_id=excluded.exercise_id, sets=excluded.sets, reps=excluded.reps, rest_sec=excluded.rest_sec, rest_after_sec=excluded.rest_after_sec, notes=excluded.notes;
insert into public.program_day_tasks (id, program_day_id, order_index, type, title, duration_min, target, optional, reward_xp, linked_to) values ('f2073b04-ee10-521d-a36b-e2a0a09dd6b1', '1c687507-4c18-5406-b2f0-bab908b216cc', 0, 'workout', 'Bugungi mashqlarni bajaring', null, null, false, null, 'main_workout') on conflict (id) do update set order_index=excluded.order_index, type=excluded.type, title=excluded.title, duration_min=excluded.duration_min, target=excluded.target, optional=excluded.optional, reward_xp=excluded.reward_xp, linked_to=excluded.linked_to;
insert into public.program_day_tasks (id, program_day_id, order_index, type, title, duration_min, target, optional, reward_xp, linked_to) values ('d2ae7b1c-c4e3-554f-ba76-d5a8778907a4', '1c687507-4c18-5406-b2f0-bab908b216cc', 1, 'lifestyle', '7 stakan suv', null, '7 glasses', false, null, null) on conflict (id) do update set order_index=excluded.order_index, type=excluded.type, title=excluded.title, duration_min=excluded.duration_min, target=excluded.target, optional=excluded.optional, reward_xp=excluded.reward_xp, linked_to=excluded.linked_to;
insert into public.program_days (id, program_id, week_no, day_no, weekday, session_title, intro_video_script, is_rest_day, is_test_day, is_milestone_day, format, rounds, total_duration_min, order_index) values ('cb2ad4ec-5567-5af3-8ab4-a573e4c7076e', 'ad2c696c-d3e0-5594-99c4-d342156639a5', 3, 4, 'Payshanba', 'DAM OLISH KUNI', null, true, false, false, 'standard', null, null, 4) on conflict (id) do update set weekday=excluded.weekday, session_title=excluded.session_title, intro_video_script=excluded.intro_video_script, is_rest_day=excluded.is_rest_day, is_test_day=excluded.is_test_day, is_milestone_day=excluded.is_milestone_day, format=excluded.format, rounds=excluded.rounds, total_duration_min=excluded.total_duration_min;
insert into public.program_day_tasks (id, program_day_id, order_index, type, title, duration_min, target, optional, reward_xp, linked_to) values ('8b9955f0-a128-5dd2-8028-8aa12bddeed3', 'cb2ad4ec-5567-5af3-8ab4-a573e4c7076e', 0, 'lifestyle', 'Yengil cho''zish (10 daqiqa)', null, 'optional', false, null, null) on conflict (id) do update set order_index=excluded.order_index, type=excluded.type, title=excluded.title, duration_min=excluded.duration_min, target=excluded.target, optional=excluded.optional, reward_xp=excluded.reward_xp, linked_to=excluded.linked_to;
insert into public.program_day_tasks (id, program_day_id, order_index, type, title, duration_min, target, optional, reward_xp, linked_to) values ('ce49e79a-5af3-52c5-8152-6fc07f55619e', 'cb2ad4ec-5567-5af3-8ab4-a573e4c7076e', 1, 'lifestyle', '7 stakan suv', null, '7 glasses', false, null, null) on conflict (id) do update set order_index=excluded.order_index, type=excluded.type, title=excluded.title, duration_min=excluded.duration_min, target=excluded.target, optional=excluded.optional, reward_xp=excluded.reward_xp, linked_to=excluded.linked_to;
insert into public.program_days (id, program_id, week_no, day_no, weekday, session_title, intro_video_script, is_rest_day, is_test_day, is_milestone_day, format, rounds, total_duration_min, order_index) values ('31c80016-d27f-5560-bff5-2368d647795d', 'ad2c696c-d3e0-5594-99c4-d342156639a5', 3, 5, 'Juma', 'Full Body — Aylanma Format (Moslashtirilgan)', 'Bugun barcha mashqlarni birlashtiramiz, lekin sekin tempoda va ko''proq dam olish bilan.', false, false, false, 'circuit', 2, 35, 5) on conflict (id) do update set weekday=excluded.weekday, session_title=excluded.session_title, intro_video_script=excluded.intro_video_script, is_rest_day=excluded.is_rest_day, is_test_day=excluded.is_test_day, is_milestone_day=excluded.is_milestone_day, format=excluded.format, rounds=excluded.rounds, total_duration_min=excluded.total_duration_min;
insert into public.program_day_exercises (id, program_day_id, section, order_index, exercise_id, sets, reps, rest_sec, rest_after_sec, notes) values ('1d8f13ab-c690-5dc1-82ac-9d7497f75463', '31c80016-d27f-5560-bff5-2368d647795d', 'warmup', 1, '404732f9-59af-5732-9d3c-02b4aa0862d6', 1, '10 har oyoq', null, null, null) on conflict (id) do update set section=excluded.section, order_index=excluded.order_index, exercise_id=excluded.exercise_id, sets=excluded.sets, reps=excluded.reps, rest_sec=excluded.rest_sec, rest_after_sec=excluded.rest_after_sec, notes=excluded.notes;
insert into public.program_day_exercises (id, program_day_id, section, order_index, exercise_id, sets, reps, rest_sec, rest_after_sec, notes) values ('a1fd9328-7514-55b1-8914-333a868a346b', '31c80016-d27f-5560-bff5-2368d647795d', 'warmup', 2, '4dfb30c4-3a5f-5e7b-b8e9-b7cccc315a1d', 1, '15 sek', null, null, 'Sekin tempoda') on conflict (id) do update set section=excluded.section, order_index=excluded.order_index, exercise_id=excluded.exercise_id, sets=excluded.sets, reps=excluded.reps, rest_sec=excluded.rest_sec, rest_after_sec=excluded.rest_after_sec, notes=excluded.notes;
insert into public.program_day_exercises (id, program_day_id, section, order_index, exercise_id, sets, reps, rest_sec, rest_after_sec, notes) values ('32b8cd09-df62-5b3c-8690-ffa7ef6c9018', '31c80016-d27f-5560-bff5-2368d647795d', 'main', 1, '8b8362e6-cf42-51d2-a814-0a67e0184938', null, '10', null, 30, null) on conflict (id) do update set section=excluded.section, order_index=excluded.order_index, exercise_id=excluded.exercise_id, sets=excluded.sets, reps=excluded.reps, rest_sec=excluded.rest_sec, rest_after_sec=excluded.rest_after_sec, notes=excluded.notes;
insert into public.program_day_exercises (id, program_day_id, section, order_index, exercise_id, sets, reps, rest_sec, rest_after_sec, notes) values ('de75a62c-84d9-59fa-8933-24b7581cf568', '31c80016-d27f-5560-bff5-2368d647795d', 'main', 2, 'bfac5a77-0709-5b8e-9c8e-368f91175df3', null, '6', null, 30, null) on conflict (id) do update set section=excluded.section, order_index=excluded.order_index, exercise_id=excluded.exercise_id, sets=excluded.sets, reps=excluded.reps, rest_sec=excluded.rest_sec, rest_after_sec=excluded.rest_after_sec, notes=excluded.notes;
insert into public.program_day_exercises (id, program_day_id, section, order_index, exercise_id, sets, reps, rest_sec, rest_after_sec, notes) values ('4ce4c764-1f6f-51f5-b6f2-1783cf4028b0', '31c80016-d27f-5560-bff5-2368d647795d', 'main', 3, '676e388c-0072-52b2-8945-ee87f512c415', null, '8 har oyoq', null, 30, null) on conflict (id) do update set section=excluded.section, order_index=excluded.order_index, exercise_id=excluded.exercise_id, sets=excluded.sets, reps=excluded.reps, rest_sec=excluded.rest_sec, rest_after_sec=excluded.rest_after_sec, notes=excluded.notes;
insert into public.program_day_exercises (id, program_day_id, section, order_index, exercise_id, sets, reps, rest_sec, rest_after_sec, notes) values ('842831cc-f902-5757-8cfd-ba4279202be2', '31c80016-d27f-5560-bff5-2368d647795d', 'main', 4, 'a22a5ed0-467a-5f61-a56a-7e33e906c159', null, '18 sek', null, 120, 'Bu round oxiri — 2 daqiqa dam, keyin 2-round') on conflict (id) do update set section=excluded.section, order_index=excluded.order_index, exercise_id=excluded.exercise_id, sets=excluded.sets, reps=excluded.reps, rest_sec=excluded.rest_sec, rest_after_sec=excluded.rest_after_sec, notes=excluded.notes;
insert into public.program_day_exercises (id, program_day_id, section, order_index, exercise_id, sets, reps, rest_sec, rest_after_sec, notes) values ('819b1221-e9ba-5f55-8263-f5c210268499', '31c80016-d27f-5560-bff5-2368d647795d', 'cooldown', 1, 'ea691eb6-9c59-5809-b82c-0bf47c9248c9', 1, '30 sek', null, null, null) on conflict (id) do update set section=excluded.section, order_index=excluded.order_index, exercise_id=excluded.exercise_id, sets=excluded.sets, reps=excluded.reps, rest_sec=excluded.rest_sec, rest_after_sec=excluded.rest_after_sec, notes=excluded.notes;
insert into public.program_day_exercises (id, program_day_id, section, order_index, exercise_id, sets, reps, rest_sec, rest_after_sec, notes) values ('5ad1fa92-2983-5db7-8a78-5408b212e500', '31c80016-d27f-5560-bff5-2368d647795d', 'cooldown', 2, 'f7a74d3a-036a-5da1-b807-27c8c6d87613', 1, '30 sek har oyoq', null, null, null) on conflict (id) do update set section=excluded.section, order_index=excluded.order_index, exercise_id=excluded.exercise_id, sets=excluded.sets, reps=excluded.reps, rest_sec=excluded.rest_sec, rest_after_sec=excluded.rest_after_sec, notes=excluded.notes;
insert into public.program_day_tasks (id, program_day_id, order_index, type, title, duration_min, target, optional, reward_xp, linked_to) values ('e826fc65-6b9c-5eb2-9303-c29357d1a2a4', '31c80016-d27f-5560-bff5-2368d647795d', 0, 'education', 'Bugungi mashq formati qanday ishlaydi', 4, null, false, null, null) on conflict (id) do update set order_index=excluded.order_index, type=excluded.type, title=excluded.title, duration_min=excluded.duration_min, target=excluded.target, optional=excluded.optional, reward_xp=excluded.reward_xp, linked_to=excluded.linked_to;
insert into public.program_day_tasks (id, program_day_id, order_index, type, title, duration_min, target, optional, reward_xp, linked_to) values ('1cc460d7-60d6-51ff-95bf-a1fc40cd4607', '31c80016-d27f-5560-bff5-2368d647795d', 1, 'workout', 'Bugungi mashqlarni bajaring', null, null, false, null, 'main_workout') on conflict (id) do update set order_index=excluded.order_index, type=excluded.type, title=excluded.title, duration_min=excluded.duration_min, target=excluded.target, optional=excluded.optional, reward_xp=excluded.reward_xp, linked_to=excluded.linked_to;
insert into public.program_day_tasks (id, program_day_id, order_index, type, title, duration_min, target, optional, reward_xp, linked_to) values ('4a77803b-7ea6-5178-b9dd-2c7a7e7e82f5', '31c80016-d27f-5560-bff5-2368d647795d', 2, 'lifestyle', '7 stakan suv', null, '7 glasses', false, null, null) on conflict (id) do update set order_index=excluded.order_index, type=excluded.type, title=excluded.title, duration_min=excluded.duration_min, target=excluded.target, optional=excluded.optional, reward_xp=excluded.reward_xp, linked_to=excluded.linked_to;
insert into public.program_days (id, program_id, week_no, day_no, weekday, session_title, intro_video_script, is_rest_day, is_test_day, is_milestone_day, format, rounds, total_duration_min, order_index) values ('5687a914-7597-59c2-a18c-a0ed91d52018', 'ad2c696c-d3e0-5594-99c4-d342156639a5', 3, 6, 'Shanba', 'DAM OLISH KUNI', null, true, false, false, 'standard', null, null, 6) on conflict (id) do update set weekday=excluded.weekday, session_title=excluded.session_title, intro_video_script=excluded.intro_video_script, is_rest_day=excluded.is_rest_day, is_test_day=excluded.is_test_day, is_milestone_day=excluded.is_milestone_day, format=excluded.format, rounds=excluded.rounds, total_duration_min=excluded.total_duration_min;
insert into public.program_day_tasks (id, program_day_id, order_index, type, title, duration_min, target, optional, reward_xp, linked_to) values ('f239148e-d681-5d11-aed9-18635d0493d3', '5687a914-7597-59c2-a18c-a0ed91d52018', 0, 'lifestyle', 'Erkin kun', null, 'optional', false, null, null) on conflict (id) do update set order_index=excluded.order_index, type=excluded.type, title=excluded.title, duration_min=excluded.duration_min, target=excluded.target, optional=excluded.optional, reward_xp=excluded.reward_xp, linked_to=excluded.linked_to;
insert into public.program_days (id, program_id, week_no, day_no, weekday, session_title, intro_video_script, is_rest_day, is_test_day, is_milestone_day, format, rounds, total_duration_min, order_index) values ('9703944a-604d-55df-842c-c70fcd79494c', 'ad2c696c-d3e0-5594-99c4-d342156639a5', 3, 7, 'Yakshanba', 'DAM OLISH + Sharh', null, true, false, false, 'standard', null, null, 7) on conflict (id) do update set weekday=excluded.weekday, session_title=excluded.session_title, intro_video_script=excluded.intro_video_script, is_rest_day=excluded.is_rest_day, is_test_day=excluded.is_test_day, is_milestone_day=excluded.is_milestone_day, format=excluded.format, rounds=excluded.rounds, total_duration_min=excluded.total_duration_min;
insert into public.program_day_tasks (id, program_day_id, order_index, type, title, duration_min, target, optional, reward_xp, linked_to) values ('d4f88e2e-de58-5320-99d5-b8d4331ad5f1', '9703944a-604d-55df-842c-c70fcd79494c', 0, 'education', '3-hafta yakunlandi! Keyingi hafta — Deload', 3, null, false, null, null) on conflict (id) do update set order_index=excluded.order_index, type=excluded.type, title=excluded.title, duration_min=excluded.duration_min, target=excluded.target, optional=excluded.optional, reward_xp=excluded.reward_xp, linked_to=excluded.linked_to;
insert into public.program_days (id, program_id, week_no, day_no, weekday, session_title, intro_video_script, is_rest_day, is_test_day, is_milestone_day, format, rounds, total_duration_min, order_index) values ('6f92224e-aa20-51ed-8384-82ae05424304', 'ad2c696c-d3e0-5594-99c4-d342156639a5', 4, 1, 'Dushanba', 'Light Full Body (Deload, Moslashtirilgan)', 'Bu hafta — Deload haftasi. Mashqlar yana yengilroq bo''ladi. Bu normal va kerakli tiklanish.', false, false, false, 'standard', null, 24, 1) on conflict (id) do update set weekday=excluded.weekday, session_title=excluded.session_title, intro_video_script=excluded.intro_video_script, is_rest_day=excluded.is_rest_day, is_test_day=excluded.is_test_day, is_milestone_day=excluded.is_milestone_day, format=excluded.format, rounds=excluded.rounds, total_duration_min=excluded.total_duration_min;
insert into public.program_day_exercises (id, program_day_id, section, order_index, exercise_id, sets, reps, rest_sec, rest_after_sec, notes) values ('cd00e752-d37e-52af-a33b-88435cfd482a', '6f92224e-aa20-51ed-8384-82ae05424304', 'warmup', 1, 'e6b0e55b-0237-550d-9acb-6b6f6ddb568e', 1, '20 sek', null, null, null) on conflict (id) do update set section=excluded.section, order_index=excluded.order_index, exercise_id=excluded.exercise_id, sets=excluded.sets, reps=excluded.reps, rest_sec=excluded.rest_sec, rest_after_sec=excluded.rest_after_sec, notes=excluded.notes;
insert into public.program_day_exercises (id, program_day_id, section, order_index, exercise_id, sets, reps, rest_sec, rest_after_sec, notes) values ('823572d5-076b-535f-a0f8-a1c031cae3e3', '6f92224e-aa20-51ed-8384-82ae05424304', 'main', 1, '8b8362e6-cf42-51d2-a814-0a67e0184938', 2, '8', 90, null, null) on conflict (id) do update set section=excluded.section, order_index=excluded.order_index, exercise_id=excluded.exercise_id, sets=excluded.sets, reps=excluded.reps, rest_sec=excluded.rest_sec, rest_after_sec=excluded.rest_after_sec, notes=excluded.notes;
insert into public.program_day_exercises (id, program_day_id, section, order_index, exercise_id, sets, reps, rest_sec, rest_after_sec, notes) values ('b62eb482-30b6-5888-a10f-fb8e63cf125a', '6f92224e-aa20-51ed-8384-82ae05424304', 'main', 2, 'eac3ef9d-cd73-5dda-9cfd-ff56ab69c6ad', 2, '10', 90, null, null) on conflict (id) do update set section=excluded.section, order_index=excluded.order_index, exercise_id=excluded.exercise_id, sets=excluded.sets, reps=excluded.reps, rest_sec=excluded.rest_sec, rest_after_sec=excluded.rest_after_sec, notes=excluded.notes;
insert into public.program_day_exercises (id, program_day_id, section, order_index, exercise_id, sets, reps, rest_sec, rest_after_sec, notes) values ('c723ea1c-0184-5f97-8704-c5a683e402d2', '6f92224e-aa20-51ed-8384-82ae05424304', 'main', 3, 'a22a5ed0-467a-5f61-a56a-7e33e906c159', 2, '15 sek', 75, null, null) on conflict (id) do update set section=excluded.section, order_index=excluded.order_index, exercise_id=excluded.exercise_id, sets=excluded.sets, reps=excluded.reps, rest_sec=excluded.rest_sec, rest_after_sec=excluded.rest_after_sec, notes=excluded.notes;
insert into public.program_day_exercises (id, program_day_id, section, order_index, exercise_id, sets, reps, rest_sec, rest_after_sec, notes) values ('dc29785d-9cbe-596e-93f5-c1b884e008dc', '6f92224e-aa20-51ed-8384-82ae05424304', 'cooldown', 1, 'ea691eb6-9c59-5809-b82c-0bf47c9248c9', 1, '50 sek', null, null, 'Deload haftasida cho''zish vaqti yana ham uzaytiriladi') on conflict (id) do update set section=excluded.section, order_index=excluded.order_index, exercise_id=excluded.exercise_id, sets=excluded.sets, reps=excluded.reps, rest_sec=excluded.rest_sec, rest_after_sec=excluded.rest_after_sec, notes=excluded.notes;
insert into public.program_day_tasks (id, program_day_id, order_index, type, title, duration_min, target, optional, reward_xp, linked_to) values ('bcddcc8c-41c9-5d90-a002-a89db61e5257', '6f92224e-aa20-51ed-8384-82ae05424304', 0, 'education', 'Deload nima va nima uchun kerak?', 4, null, false, null, null) on conflict (id) do update set order_index=excluded.order_index, type=excluded.type, title=excluded.title, duration_min=excluded.duration_min, target=excluded.target, optional=excluded.optional, reward_xp=excluded.reward_xp, linked_to=excluded.linked_to;
insert into public.program_day_tasks (id, program_day_id, order_index, type, title, duration_min, target, optional, reward_xp, linked_to) values ('9ea9d3d2-3167-5f95-9ace-8298f04d2afe', '6f92224e-aa20-51ed-8384-82ae05424304', 1, 'workout', 'Bugungi yengil mashqlarni bajaring', null, null, false, null, 'main_workout') on conflict (id) do update set order_index=excluded.order_index, type=excluded.type, title=excluded.title, duration_min=excluded.duration_min, target=excluded.target, optional=excluded.optional, reward_xp=excluded.reward_xp, linked_to=excluded.linked_to;
insert into public.program_day_tasks (id, program_day_id, order_index, type, title, duration_min, target, optional, reward_xp, linked_to) values ('6aeb870b-c169-5773-b52a-57c46843f458', '6f92224e-aa20-51ed-8384-82ae05424304', 2, 'lifestyle', '7 stakan suv', null, '7 glasses', false, null, null) on conflict (id) do update set order_index=excluded.order_index, type=excluded.type, title=excluded.title, duration_min=excluded.duration_min, target=excluded.target, optional=excluded.optional, reward_xp=excluded.reward_xp, linked_to=excluded.linked_to;
insert into public.program_days (id, program_id, week_no, day_no, weekday, session_title, intro_video_script, is_rest_day, is_test_day, is_milestone_day, format, rounds, total_duration_min, order_index) values ('a246b463-3a09-55b0-998b-7b9b0f60f462', 'ad2c696c-d3e0-5594-99c4-d342156639a5', 4, 2, 'Seshanba', 'DAM OLISH KUNI', null, true, false, false, 'standard', null, null, 2) on conflict (id) do update set weekday=excluded.weekday, session_title=excluded.session_title, intro_video_script=excluded.intro_video_script, is_rest_day=excluded.is_rest_day, is_test_day=excluded.is_test_day, is_milestone_day=excluded.is_milestone_day, format=excluded.format, rounds=excluded.rounds, total_duration_min=excluded.total_duration_min;
insert into public.program_day_tasks (id, program_day_id, order_index, type, title, duration_min, target, optional, reward_xp, linked_to) values ('e464d352-8839-53ce-995c-321cee0a335d', 'a246b463-3a09-55b0-998b-7b9b0f60f462', 0, 'lifestyle', 'Yengil sayr (10 daqiqa)', null, 'optional', false, null, null) on conflict (id) do update set order_index=excluded.order_index, type=excluded.type, title=excluded.title, duration_min=excluded.duration_min, target=excluded.target, optional=excluded.optional, reward_xp=excluded.reward_xp, linked_to=excluded.linked_to;
insert into public.program_day_tasks (id, program_day_id, order_index, type, title, duration_min, target, optional, reward_xp, linked_to) values ('f6ca8590-5325-5bc4-ab21-abf3262d6f61', 'a246b463-3a09-55b0-998b-7b9b0f60f462', 1, 'lifestyle', '7 stakan suv', null, '7 glasses', false, null, null) on conflict (id) do update set order_index=excluded.order_index, type=excluded.type, title=excluded.title, duration_min=excluded.duration_min, target=excluded.target, optional=excluded.optional, reward_xp=excluded.reward_xp, linked_to=excluded.linked_to;
insert into public.program_days (id, program_id, week_no, day_no, weekday, session_title, intro_video_script, is_rest_day, is_test_day, is_milestone_day, format, rounds, total_duration_min, order_index) values ('d9a66484-a3df-5e93-8495-98193ea200e8', 'ad2c696c-d3e0-5594-99c4-d342156639a5', 4, 3, 'Chorshanba', 'Mobility & Flexibility', 'Bugun faqat cho''zish va harakatchanlik kuni.', false, false, false, 'standard', null, 18, 3) on conflict (id) do update set weekday=excluded.weekday, session_title=excluded.session_title, intro_video_script=excluded.intro_video_script, is_rest_day=excluded.is_rest_day, is_test_day=excluded.is_test_day, is_milestone_day=excluded.is_milestone_day, format=excluded.format, rounds=excluded.rounds, total_duration_min=excluded.total_duration_min;
insert into public.program_day_exercises (id, program_day_id, section, order_index, exercise_id, sets, reps, rest_sec, rest_after_sec, notes) values ('400222be-41d0-58c3-8c86-58517ef3c772', 'd9a66484-a3df-5e93-8495-98193ea200e8', 'main', 1, '40387dcc-25f6-5bb7-bf90-98296c6f7157', 1, '60 sek', null, null, null) on conflict (id) do update set section=excluded.section, order_index=excluded.order_index, exercise_id=excluded.exercise_id, sets=excluded.sets, reps=excluded.reps, rest_sec=excluded.rest_sec, rest_after_sec=excluded.rest_after_sec, notes=excluded.notes;
insert into public.program_day_exercises (id, program_day_id, section, order_index, exercise_id, sets, reps, rest_sec, rest_after_sec, notes) values ('102922d2-c37f-5dfa-80dc-096bc3eb05a4', 'd9a66484-a3df-5e93-8495-98193ea200e8', 'main', 2, '50dda5c0-8a74-5986-8336-c026ead2fe51', 1, '30 sek har oyoq', null, null, null) on conflict (id) do update set section=excluded.section, order_index=excluded.order_index, exercise_id=excluded.exercise_id, sets=excluded.sets, reps=excluded.reps, rest_sec=excluded.rest_sec, rest_after_sec=excluded.rest_after_sec, notes=excluded.notes;
insert into public.program_day_exercises (id, program_day_id, section, order_index, exercise_id, sets, reps, rest_sec, rest_after_sec, notes) values ('01cdfcce-9730-5db7-a29b-c56d2bf536f1', 'd9a66484-a3df-5e93-8495-98193ea200e8', 'main', 3, '7599d168-4a76-5d09-8606-b83ce4a9910a', 1, '30 sek har tomon', null, null, null) on conflict (id) do update set section=excluded.section, order_index=excluded.order_index, exercise_id=excluded.exercise_id, sets=excluded.sets, reps=excluded.reps, rest_sec=excluded.rest_sec, rest_after_sec=excluded.rest_after_sec, notes=excluded.notes;
insert into public.program_day_tasks (id, program_day_id, order_index, type, title, duration_min, target, optional, reward_xp, linked_to) values ('7ecb01f1-2048-5be4-a290-d68bc2acbcb4', 'd9a66484-a3df-5e93-8495-98193ea200e8', 0, 'workout', 'Mobility mashqlarini bajaring', null, null, false, null, 'main_workout') on conflict (id) do update set order_index=excluded.order_index, type=excluded.type, title=excluded.title, duration_min=excluded.duration_min, target=excluded.target, optional=excluded.optional, reward_xp=excluded.reward_xp, linked_to=excluded.linked_to;
insert into public.program_day_tasks (id, program_day_id, order_index, type, title, duration_min, target, optional, reward_xp, linked_to) values ('b7e5d176-4a80-5b26-a924-34bdaafc45dc', 'd9a66484-a3df-5e93-8495-98193ea200e8', 1, 'lifestyle', '7 stakan suv', null, '7 glasses', false, null, null) on conflict (id) do update set order_index=excluded.order_index, type=excluded.type, title=excluded.title, duration_min=excluded.duration_min, target=excluded.target, optional=excluded.optional, reward_xp=excluded.reward_xp, linked_to=excluded.linked_to;
insert into public.program_days (id, program_id, week_no, day_no, weekday, session_title, intro_video_script, is_rest_day, is_test_day, is_milestone_day, format, rounds, total_duration_min, order_index) values ('c1d67f28-4715-519f-a5ee-41417330ebed', 'ad2c696c-d3e0-5594-99c4-d342156639a5', 4, 4, 'Payshanba', 'DAM OLISH KUNI', null, true, false, false, 'standard', null, null, 4) on conflict (id) do update set weekday=excluded.weekday, session_title=excluded.session_title, intro_video_script=excluded.intro_video_script, is_rest_day=excluded.is_rest_day, is_test_day=excluded.is_test_day, is_milestone_day=excluded.is_milestone_day, format=excluded.format, rounds=excluded.rounds, total_duration_min=excluded.total_duration_min;
insert into public.program_day_tasks (id, program_day_id, order_index, type, title, duration_min, target, optional, reward_xp, linked_to) values ('c0688160-0fde-5105-a5bd-6ba2b1c5cd61', 'c1d67f28-4715-519f-a5ee-41417330ebed', 0, 'lifestyle', 'Erkin kun, ertangi testga tayyorlaning', null, 'optional', false, null, null) on conflict (id) do update set order_index=excluded.order_index, type=excluded.type, title=excluded.title, duration_min=excluded.duration_min, target=excluded.target, optional=excluded.optional, reward_xp=excluded.reward_xp, linked_to=excluded.linked_to;
insert into public.program_days (id, program_id, week_no, day_no, weekday, session_title, intro_video_script, is_rest_day, is_test_day, is_milestone_day, format, rounds, total_duration_min, order_index) values ('e8bb03a8-acb8-59ed-871e-84dc25cfa8ad', 'ad2c696c-d3e0-5594-99c4-d342156639a5', 4, 5, 'Juma', '🏆 FITNESS TEST — 1-Oy Natijalari (Moslashtirilgan)', 'Tabriklaymiz — 1 oy o''tdi! Bugun qancha rivojlanganingizni o''lchaymiz, o''z tempingizda.', false, true, false, 'standard', null, 22, 5) on conflict (id) do update set weekday=excluded.weekday, session_title=excluded.session_title, intro_video_script=excluded.intro_video_script, is_rest_day=excluded.is_rest_day, is_test_day=excluded.is_test_day, is_milestone_day=excluded.is_milestone_day, format=excluded.format, rounds=excluded.rounds, total_duration_min=excluded.total_duration_min;
insert into public.program_day_tasks (id, program_day_id, order_index, type, title, duration_min, target, optional, reward_xp, linked_to) values ('2a25a03c-c95b-5e51-8bda-569089287430', 'e8bb03a8-acb8-59ed-871e-84dc25cfa8ad', 0, 'workout', 'Fitness testni bajaring', null, null, false, null, 'fitness_test') on conflict (id) do update set order_index=excluded.order_index, type=excluded.type, title=excluded.title, duration_min=excluded.duration_min, target=excluded.target, optional=excluded.optional, reward_xp=excluded.reward_xp, linked_to=excluded.linked_to;
insert into public.program_day_tasks (id, program_day_id, order_index, type, title, duration_min, target, optional, reward_xp, linked_to) values ('9c21ca59-0998-516e-aaa2-e7841bf1e4d4', 'e8bb03a8-acb8-59ed-871e-84dc25cfa8ad', 1, 'lifestyle', 'Progress foto oling', null, 'photo', false, null, null) on conflict (id) do update set order_index=excluded.order_index, type=excluded.type, title=excluded.title, duration_min=excluded.duration_min, target=excluded.target, optional=excluded.optional, reward_xp=excluded.reward_xp, linked_to=excluded.linked_to;
insert into public.program_day_tasks (id, program_day_id, order_index, type, title, duration_min, target, optional, reward_xp, linked_to) values ('53c6b579-9056-5636-9abd-1bd5711a33d3', 'e8bb03a8-acb8-59ed-871e-84dc25cfa8ad', 2, 'lifestyle', '7 stakan suv', null, '7 glasses', false, null, null) on conflict (id) do update set order_index=excluded.order_index, type=excluded.type, title=excluded.title, duration_min=excluded.duration_min, target=excluded.target, optional=excluded.optional, reward_xp=excluded.reward_xp, linked_to=excluded.linked_to;
insert into public.program_day_tests (id, program_day_id, order_index, test_key, name, exercise_id, instructions, log_type) values ('b2bd9e07-3b4e-57ae-ba56-0fee0d0cf51c', 'e8bb03a8-acb8-59ed-871e-84dc25cfa8ad', 0, 'max_pushup_wall', 'Maksimal Devor Push-up (1 daqiqada)', 'eac3ef9d-cd73-5dda-9cfd-ff56ab69c6ad', '1 daqiqa ichida qancha Devorga suyanib Push-up bajara olasiz', 'count') on conflict (id) do update set order_index=excluded.order_index, test_key=excluded.test_key, name=excluded.name, exercise_id=excluded.exercise_id, instructions=excluded.instructions, log_type=excluded.log_type;
insert into public.program_day_tests (id, program_day_id, order_index, test_key, name, exercise_id, instructions, log_type) values ('237b0bec-2744-5ed3-bdc3-01eb100a2104', 'e8bb03a8-acb8-59ed-871e-84dc25cfa8ad', 1, 'knee_plank_hold', 'Tizzada Plank vaqti', 'a22a5ed0-467a-5f61-a56a-7e33e906c159', 'Tizzada Plank holatida qancha vaqt tura olasiz', 'seconds') on conflict (id) do update set order_index=excluded.order_index, test_key=excluded.test_key, name=excluded.name, exercise_id=excluded.exercise_id, instructions=excluded.instructions, log_type=excluded.log_type;
insert into public.program_day_tests (id, program_day_id, order_index, test_key, name, exercise_id, instructions, log_type) values ('5c1af2a3-140c-5a34-9397-61fbf4a61a39', 'e8bb03a8-acb8-59ed-871e-84dc25cfa8ad', 2, 'chair_squat_count', 'Chair Squat soni (1 daqiqada)', '8b8362e6-cf42-51d2-a814-0a67e0184938', '1 daqiqada qancha Stulga o''tirib turish bajara olasiz', 'count') on conflict (id) do update set order_index=excluded.order_index, test_key=excluded.test_key, name=excluded.name, exercise_id=excluded.exercise_id, instructions=excluded.instructions, log_type=excluded.log_type;
insert into public.program_day_tests (id, program_day_id, order_index, test_key, name, exercise_id, instructions, log_type) values ('f904a05c-ae55-5a58-bbbf-2c7ee085225a', 'e8bb03a8-acb8-59ed-871e-84dc25cfa8ad', 3, 'walk_1km', '1 km yurish vaqti', null, '1 km masofani o''z tempingizda qancha vaqtda bosib o''tasiz', 'minutes') on conflict (id) do update set order_index=excluded.order_index, test_key=excluded.test_key, name=excluded.name, exercise_id=excluded.exercise_id, instructions=excluded.instructions, log_type=excluded.log_type;
insert into public.program_days (id, program_id, week_no, day_no, weekday, session_title, intro_video_script, is_rest_day, is_test_day, is_milestone_day, format, rounds, total_duration_min, order_index) values ('8930e3ea-aad4-5b70-a06b-b56da7c24483', 'ad2c696c-d3e0-5594-99c4-d342156639a5', 4, 6, 'Shanba', 'DAM OLISH KUNI', null, true, false, false, 'standard', null, null, 6) on conflict (id) do update set weekday=excluded.weekday, session_title=excluded.session_title, intro_video_script=excluded.intro_video_script, is_rest_day=excluded.is_rest_day, is_test_day=excluded.is_test_day, is_milestone_day=excluded.is_milestone_day, format=excluded.format, rounds=excluded.rounds, total_duration_min=excluded.total_duration_min;
insert into public.program_day_tasks (id, program_day_id, order_index, type, title, duration_min, target, optional, reward_xp, linked_to) values ('3306a3b0-dd1d-5db4-9976-65bd728f99ea', '8930e3ea-aad4-5b70-a06b-b56da7c24483', 0, 'lifestyle', 'Erkin kun', null, 'optional', false, null, null) on conflict (id) do update set order_index=excluded.order_index, type=excluded.type, title=excluded.title, duration_min=excluded.duration_min, target=excluded.target, optional=excluded.optional, reward_xp=excluded.reward_xp, linked_to=excluded.linked_to;
insert into public.program_days (id, program_id, week_no, day_no, weekday, session_title, intro_video_script, is_rest_day, is_test_day, is_milestone_day, format, rounds, total_duration_min, order_index) values ('3c6a02fe-05b9-5aca-8452-bf0a8bfe7fc3', 'ad2c696c-d3e0-5594-99c4-d342156639a5', 4, 7, 'Yakshanba', '🎓 1-Oy Yakuni + Keyingi Qadam', null, true, false, true, 'standard', null, null, 7) on conflict (id) do update set weekday=excluded.weekday, session_title=excluded.session_title, intro_video_script=excluded.intro_video_script, is_rest_day=excluded.is_rest_day, is_test_day=excluded.is_test_day, is_milestone_day=excluded.is_milestone_day, format=excluded.format, rounds=excluded.rounds, total_duration_min=excluded.total_duration_min;
insert into public.program_day_tasks (id, program_day_id, order_index, type, title, duration_min, target, optional, reward_xp, linked_to) values ('1d349214-95cf-57d3-9452-b29d40845c50', '3c6a02fe-05b9-5aca-8452-bf0a8bfe7fc3', 0, 'education', 'Tabriklaymiz! Birinchi oyni o''z tempingizda yakunladingiz', 3, null, false, null, null) on conflict (id) do update set order_index=excluded.order_index, type=excluded.type, title=excluded.title, duration_min=excluded.duration_min, target=excluded.target, optional=excluded.optional, reward_xp=excluded.reward_xp, linked_to=excluded.linked_to;
insert into public.program_day_tasks (id, program_day_id, order_index, type, title, duration_min, target, optional, reward_xp, linked_to) values ('756b9d89-6162-553f-90fc-1b54fe77afb3', '3c6a02fe-05b9-5aca-8452-bf0a8bfe7fc3', 1, 'lifestyle', 'Badge oling: ''1-Oy Bosqichi'' 🏆', null, 'badge_unlock', false, null, null) on conflict (id) do update set order_index=excluded.order_index, type=excluded.type, title=excluded.title, duration_min=excluded.duration_min, target=excluded.target, optional=excluded.optional, reward_xp=excluded.reward_xp, linked_to=excluded.linked_to;
insert into public.program_days (id, program_id, week_no, day_no, weekday, session_title, intro_video_script, is_rest_day, is_test_day, is_milestone_day, format, rounds, total_duration_min, order_index) values ('73b2114c-e8c3-55b5-b543-1c30fb385a04', 'ad2c696c-d3e0-5594-99c4-d342156639a5', 5, 1, 'Dushanba', 'Oddiy Squat''ga O''tish (Moslashtirilgan)', '5-hafta! Endi Stulga o''tirib turishdan Oddiy Squat''ga o''tamiz — tanangiz tayyor.', false, false, false, 'standard', null, 34, 1) on conflict (id) do update set weekday=excluded.weekday, session_title=excluded.session_title, intro_video_script=excluded.intro_video_script, is_rest_day=excluded.is_rest_day, is_test_day=excluded.is_test_day, is_milestone_day=excluded.is_milestone_day, format=excluded.format, rounds=excluded.rounds, total_duration_min=excluded.total_duration_min;
insert into public.program_day_exercises (id, program_day_id, section, order_index, exercise_id, sets, reps, rest_sec, rest_after_sec, notes) values ('aad40009-a61d-5fd5-be29-60b036157de3', '73b2114c-e8c3-55b5-b543-1c30fb385a04', 'warmup', 1, 'e6b0e55b-0237-550d-9acb-6b6f6ddb568e', 1, '20 sek har tomon', null, null, null) on conflict (id) do update set section=excluded.section, order_index=excluded.order_index, exercise_id=excluded.exercise_id, sets=excluded.sets, reps=excluded.reps, rest_sec=excluded.rest_sec, rest_after_sec=excluded.rest_after_sec, notes=excluded.notes;
insert into public.program_day_exercises (id, program_day_id, section, order_index, exercise_id, sets, reps, rest_sec, rest_after_sec, notes) values ('3116ab3a-cbc1-5c33-8d8a-be22f7bb3360', '73b2114c-e8c3-55b5-b543-1c30fb385a04', 'warmup', 2, 'e5c367fb-2a98-50ae-a502-6ac17c8a5cf8', 1, '10 takror', null, null, null) on conflict (id) do update set section=excluded.section, order_index=excluded.order_index, exercise_id=excluded.exercise_id, sets=excluded.sets, reps=excluded.reps, rest_sec=excluded.rest_sec, rest_after_sec=excluded.rest_after_sec, notes=excluded.notes;
insert into public.program_day_exercises (id, program_day_id, section, order_index, exercise_id, sets, reps, rest_sec, rest_after_sec, notes) values ('601e8f20-1dd1-58a5-8c33-7e7a0a1512e9', '73b2114c-e8c3-55b5-b543-1c30fb385a04', 'main', 1, 'f86cb5fa-adab-50b4-8dbe-1ce7088e6219', 2, '8', 90, null, 'YANGI BOSQICH: agar qiyin bo''lsa, sq001''ga (Chair Squat) qaytishingiz mumkin, hech narsa yo''qotmaysiz') on conflict (id) do update set section=excluded.section, order_index=excluded.order_index, exercise_id=excluded.exercise_id, sets=excluded.sets, reps=excluded.reps, rest_sec=excluded.rest_sec, rest_after_sec=excluded.rest_after_sec, notes=excluded.notes;
insert into public.program_day_exercises (id, program_day_id, section, order_index, exercise_id, sets, reps, rest_sec, rest_after_sec, notes) values ('3f57d3e1-8bdf-53e7-8c2b-be7863784b63', '73b2114c-e8c3-55b5-b543-1c30fb385a04', 'main', 2, 'bfac5a77-0709-5b8e-9c8e-368f91175df3', 2, '8', 90, null, null) on conflict (id) do update set section=excluded.section, order_index=excluded.order_index, exercise_id=excluded.exercise_id, sets=excluded.sets, reps=excluded.reps, rest_sec=excluded.rest_sec, rest_after_sec=excluded.rest_after_sec, notes=excluded.notes;
insert into public.program_day_exercises (id, program_day_id, section, order_index, exercise_id, sets, reps, rest_sec, rest_after_sec, notes) values ('6eafcb4f-0eb1-51f8-91d7-b3efac8267f4', '73b2114c-e8c3-55b5-b543-1c30fb385a04', 'main', 3, '676e388c-0072-52b2-8945-ee87f512c415', 2, '8', 75, null, 'Har oyoqqa 8 takror') on conflict (id) do update set section=excluded.section, order_index=excluded.order_index, exercise_id=excluded.exercise_id, sets=excluded.sets, reps=excluded.reps, rest_sec=excluded.rest_sec, rest_after_sec=excluded.rest_after_sec, notes=excluded.notes;
insert into public.program_day_exercises (id, program_day_id, section, order_index, exercise_id, sets, reps, rest_sec, rest_after_sec, notes) values ('cffabfdf-4d43-5fc0-94c7-c10654e9325f', '73b2114c-e8c3-55b5-b543-1c30fb385a04', 'cooldown', 1, '7599d168-4a76-5d09-8606-b83ce4a9910a', 1, '30 sek har tomon', null, null, null) on conflict (id) do update set section=excluded.section, order_index=excluded.order_index, exercise_id=excluded.exercise_id, sets=excluded.sets, reps=excluded.reps, rest_sec=excluded.rest_sec, rest_after_sec=excluded.rest_after_sec, notes=excluded.notes;
insert into public.program_day_exercises (id, program_day_id, section, order_index, exercise_id, sets, reps, rest_sec, rest_after_sec, notes) values ('72d51931-421a-5fda-be19-643b391ebd74', '73b2114c-e8c3-55b5-b543-1c30fb385a04', 'cooldown', 2, 'f7a74d3a-036a-5da1-b807-27c8c6d87613', 1, '30 sek har oyoq', null, null, null) on conflict (id) do update set section=excluded.section, order_index=excluded.order_index, exercise_id=excluded.exercise_id, sets=excluded.sets, reps=excluded.reps, rest_sec=excluded.rest_sec, rest_after_sec=excluded.rest_after_sec, notes=excluded.notes;
insert into public.program_day_tasks (id, program_day_id, order_index, type, title, duration_min, target, optional, reward_xp, linked_to) values ('ecd0ffa5-5914-5005-ae25-2499c99a45dc', '73b2114c-e8c3-55b5-b543-1c30fb385a04', 0, 'education', 'Chair Squat''dan Oddiy Squat''ga qanday o''tiladi', 5, null, false, null, null) on conflict (id) do update set order_index=excluded.order_index, type=excluded.type, title=excluded.title, duration_min=excluded.duration_min, target=excluded.target, optional=excluded.optional, reward_xp=excluded.reward_xp, linked_to=excluded.linked_to;
insert into public.program_day_tasks (id, program_day_id, order_index, type, title, duration_min, target, optional, reward_xp, linked_to) values ('23c6042d-d39b-56ff-ba28-147fb4eaed34', '73b2114c-e8c3-55b5-b543-1c30fb385a04', 1, 'workout', 'Bugungi mashqlarni bajaring', null, null, false, null, 'main_workout') on conflict (id) do update set order_index=excluded.order_index, type=excluded.type, title=excluded.title, duration_min=excluded.duration_min, target=excluded.target, optional=excluded.optional, reward_xp=excluded.reward_xp, linked_to=excluded.linked_to;
insert into public.program_day_tasks (id, program_day_id, order_index, type, title, duration_min, target, optional, reward_xp, linked_to) values ('23ece115-135e-5de8-b58d-2c88786b6d7f', '73b2114c-e8c3-55b5-b543-1c30fb385a04', 2, 'lifestyle', '7 stakan suv ichish', null, '7 glasses', false, null, null) on conflict (id) do update set order_index=excluded.order_index, type=excluded.type, title=excluded.title, duration_min=excluded.duration_min, target=excluded.target, optional=excluded.optional, reward_xp=excluded.reward_xp, linked_to=excluded.linked_to;
insert into public.program_days (id, program_id, week_no, day_no, weekday, session_title, intro_video_script, is_rest_day, is_test_day, is_milestone_day, format, rounds, total_duration_min, order_index) values ('79f53e78-0b7e-5286-86d2-f802ebfdf045', 'ad2c696c-d3e0-5594-99c4-d342156639a5', 5, 2, 'Seshanba', 'DAM OLISH KUNI', null, true, false, false, 'standard', null, null, 2) on conflict (id) do update set weekday=excluded.weekday, session_title=excluded.session_title, intro_video_script=excluded.intro_video_script, is_rest_day=excluded.is_rest_day, is_test_day=excluded.is_test_day, is_milestone_day=excluded.is_milestone_day, format=excluded.format, rounds=excluded.rounds, total_duration_min=excluded.total_duration_min;
insert into public.program_day_tasks (id, program_day_id, order_index, type, title, duration_min, target, optional, reward_xp, linked_to) values ('71595d10-e143-5e15-83ca-e3f749144ce7', '79f53e78-0b7e-5286-86d2-f802ebfdf045', 0, 'lifestyle', '15 daqiqa sayr', null, '15 min walk', false, null, null) on conflict (id) do update set order_index=excluded.order_index, type=excluded.type, title=excluded.title, duration_min=excluded.duration_min, target=excluded.target, optional=excluded.optional, reward_xp=excluded.reward_xp, linked_to=excluded.linked_to;
insert into public.program_day_tasks (id, program_day_id, order_index, type, title, duration_min, target, optional, reward_xp, linked_to) values ('ac1d9a88-2724-5b66-84e3-5e0ef83871e5', '79f53e78-0b7e-5286-86d2-f802ebfdf045', 1, 'lifestyle', '7 stakan suv', null, '7 glasses', false, null, null) on conflict (id) do update set order_index=excluded.order_index, type=excluded.type, title=excluded.title, duration_min=excluded.duration_min, target=excluded.target, optional=excluded.optional, reward_xp=excluded.reward_xp, linked_to=excluded.linked_to;
insert into public.program_days (id, program_id, week_no, day_no, weekday, session_title, intro_video_script, is_rest_day, is_test_day, is_milestone_day, format, rounds, total_duration_min, order_index) values ('b2a047fc-d7db-561f-987d-887137ccbb95', 'ad2c696c-d3e0-5594-99c4-d342156639a5', 5, 3, 'Chorshanba', 'Pull Kuchini Oshirish (Moslashtirilgan)', 'Bugun orqa mushaklarini kuchaytiramiz — yengil tempda, ko''proq dam bilan.', false, false, false, 'standard', null, 30, 3) on conflict (id) do update set weekday=excluded.weekday, session_title=excluded.session_title, intro_video_script=excluded.intro_video_script, is_rest_day=excluded.is_rest_day, is_test_day=excluded.is_test_day, is_milestone_day=excluded.is_milestone_day, format=excluded.format, rounds=excluded.rounds, total_duration_min=excluded.total_duration_min;
insert into public.program_day_exercises (id, program_day_id, section, order_index, exercise_id, sets, reps, rest_sec, rest_after_sec, notes) values ('9a5de6e9-e93d-53fe-8adb-27d689a752e1', 'b2a047fc-d7db-561f-987d-887137ccbb95', 'warmup', 1, '4dfb30c4-3a5f-5e7b-b8e9-b7cccc315a1d', 1, '15 sek', null, null, null) on conflict (id) do update set section=excluded.section, order_index=excluded.order_index, exercise_id=excluded.exercise_id, sets=excluded.sets, reps=excluded.reps, rest_sec=excluded.rest_sec, rest_after_sec=excluded.rest_after_sec, notes=excluded.notes;
insert into public.program_day_exercises (id, program_day_id, section, order_index, exercise_id, sets, reps, rest_sec, rest_after_sec, notes) values ('eb240ebc-1a20-5b24-8a9a-a158281c870e', 'b2a047fc-d7db-561f-987d-887137ccbb95', 'main', 1, '8fc8157a-cd49-5977-a26f-add0538b55d9', 2, '10', 90, null, null) on conflict (id) do update set section=excluded.section, order_index=excluded.order_index, exercise_id=excluded.exercise_id, sets=excluded.sets, reps=excluded.reps, rest_sec=excluded.rest_sec, rest_after_sec=excluded.rest_after_sec, notes=excluded.notes;
insert into public.program_day_exercises (id, program_day_id, section, order_index, exercise_id, sets, reps, rest_sec, rest_after_sec, notes) values ('90179656-321d-58ac-910c-c42323dc44b5', 'b2a047fc-d7db-561f-987d-887137ccbb95', 'main', 2, 'b8eecaa2-eb01-5b5a-aeba-e3b6662dcffe', 2, '18 sek', 75, null, null) on conflict (id) do update set section=excluded.section, order_index=excluded.order_index, exercise_id=excluded.exercise_id, sets=excluded.sets, reps=excluded.reps, rest_sec=excluded.rest_sec, rest_after_sec=excluded.rest_after_sec, notes=excluded.notes;
insert into public.program_day_exercises (id, program_day_id, section, order_index, exercise_id, sets, reps, rest_sec, rest_after_sec, notes) values ('a2796e19-803f-53e9-b185-6146eeed993e', 'b2a047fc-d7db-561f-987d-887137ccbb95', 'main', 3, '19080a1b-6260-531f-b362-b8d434e86ef4', 2, '15 sek har tomon', 75, null, 'YANGI: yon plank o''rniga, bel/bo''g''imga yengilroq variant') on conflict (id) do update set section=excluded.section, order_index=excluded.order_index, exercise_id=excluded.exercise_id, sets=excluded.sets, reps=excluded.reps, rest_sec=excluded.rest_sec, rest_after_sec=excluded.rest_after_sec, notes=excluded.notes;
insert into public.program_day_exercises (id, program_day_id, section, order_index, exercise_id, sets, reps, rest_sec, rest_after_sec, notes) values ('eabdd766-f59f-52e2-9d62-0add3bd4366d', 'b2a047fc-d7db-561f-987d-887137ccbb95', 'cooldown', 1, 'b26cfd56-68ae-5f6e-bbe3-b33b6ef28c55', 1, '30 sek', null, null, null) on conflict (id) do update set section=excluded.section, order_index=excluded.order_index, exercise_id=excluded.exercise_id, sets=excluded.sets, reps=excluded.reps, rest_sec=excluded.rest_sec, rest_after_sec=excluded.rest_after_sec, notes=excluded.notes;
insert into public.program_day_tasks (id, program_day_id, order_index, type, title, duration_min, target, optional, reward_xp, linked_to) values ('c7466e24-7d62-5ab8-b941-143bdacf0e46', 'b2a047fc-d7db-561f-987d-887137ccbb95', 0, 'workout', 'Bugungi mashqlarni bajaring', null, null, false, null, 'main_workout') on conflict (id) do update set order_index=excluded.order_index, type=excluded.type, title=excluded.title, duration_min=excluded.duration_min, target=excluded.target, optional=excluded.optional, reward_xp=excluded.reward_xp, linked_to=excluded.linked_to;
insert into public.program_day_tasks (id, program_day_id, order_index, type, title, duration_min, target, optional, reward_xp, linked_to) values ('d8f0e876-6c9b-57fb-88fd-87b377f04494', 'b2a047fc-d7db-561f-987d-887137ccbb95', 1, 'lifestyle', '7 stakan suv', null, '7 glasses', false, null, null) on conflict (id) do update set order_index=excluded.order_index, type=excluded.type, title=excluded.title, duration_min=excluded.duration_min, target=excluded.target, optional=excluded.optional, reward_xp=excluded.reward_xp, linked_to=excluded.linked_to;
insert into public.program_day_tasks (id, program_day_id, order_index, type, title, duration_min, target, optional, reward_xp, linked_to) values ('032a2e5e-b2a8-5ab4-848c-af43cf47ca82', 'b2a047fc-d7db-561f-987d-887137ccbb95', 2, 'challenge', 'Bonus: Superman pozasini 20 sek ushlab turing', null, null, true, 10, null) on conflict (id) do update set order_index=excluded.order_index, type=excluded.type, title=excluded.title, duration_min=excluded.duration_min, target=excluded.target, optional=excluded.optional, reward_xp=excluded.reward_xp, linked_to=excluded.linked_to;
insert into public.program_days (id, program_id, week_no, day_no, weekday, session_title, intro_video_script, is_rest_day, is_test_day, is_milestone_day, format, rounds, total_duration_min, order_index) values ('e87aaaae-552b-5c92-abb9-5a8909a76234', 'ad2c696c-d3e0-5594-99c4-d342156639a5', 5, 4, 'Payshanba', 'DAM OLISH KUNI', null, true, false, false, 'standard', null, null, 4) on conflict (id) do update set weekday=excluded.weekday, session_title=excluded.session_title, intro_video_script=excluded.intro_video_script, is_rest_day=excluded.is_rest_day, is_test_day=excluded.is_test_day, is_milestone_day=excluded.is_milestone_day, format=excluded.format, rounds=excluded.rounds, total_duration_min=excluded.total_duration_min;
insert into public.program_day_tasks (id, program_day_id, order_index, type, title, duration_min, target, optional, reward_xp, linked_to) values ('c8aaa275-745a-5dd8-ba2c-f28ba01ed385', 'e87aaaae-552b-5c92-abb9-5a8909a76234', 0, 'lifestyle', 'Yengil cho''zish (10 daqiqa)', null, 'optional', false, null, null) on conflict (id) do update set order_index=excluded.order_index, type=excluded.type, title=excluded.title, duration_min=excluded.duration_min, target=excluded.target, optional=excluded.optional, reward_xp=excluded.reward_xp, linked_to=excluded.linked_to;
insert into public.program_day_tasks (id, program_day_id, order_index, type, title, duration_min, target, optional, reward_xp, linked_to) values ('d488adc7-1def-5d42-b554-73292f486805', 'e87aaaae-552b-5c92-abb9-5a8909a76234', 1, 'lifestyle', '7 stakan suv', null, '7 glasses', false, null, null) on conflict (id) do update set order_index=excluded.order_index, type=excluded.type, title=excluded.title, duration_min=excluded.duration_min, target=excluded.target, optional=excluded.optional, reward_xp=excluded.reward_xp, linked_to=excluded.linked_to;
insert into public.program_days (id, program_id, week_no, day_no, weekday, session_title, intro_video_script, is_rest_day, is_test_day, is_milestone_day, format, rounds, total_duration_min, order_index) values ('729c7e1f-a9b9-5930-b58a-ea8a72fd3c6b', 'ad2c696c-d3e0-5594-99c4-d342156639a5', 5, 5, 'Juma', 'Full Body Kuchaytirish (Moslashtirilgan)', 'Hafta oxiri! Bugun barcha guruhlarni birlashtiramiz, o''z tempingizda.', false, false, false, 'standard', null, 36, 5) on conflict (id) do update set weekday=excluded.weekday, session_title=excluded.session_title, intro_video_script=excluded.intro_video_script, is_rest_day=excluded.is_rest_day, is_test_day=excluded.is_test_day, is_milestone_day=excluded.is_milestone_day, format=excluded.format, rounds=excluded.rounds, total_duration_min=excluded.total_duration_min;
insert into public.program_day_exercises (id, program_day_id, section, order_index, exercise_id, sets, reps, rest_sec, rest_after_sec, notes) values ('19739544-b023-5cc7-82b9-8218d27dec78', '729c7e1f-a9b9-5930-b58a-ea8a72fd3c6b', 'warmup', 1, 'e5c367fb-2a98-50ae-a502-6ac17c8a5cf8', 1, '10 takror', null, null, null) on conflict (id) do update set section=excluded.section, order_index=excluded.order_index, exercise_id=excluded.exercise_id, sets=excluded.sets, reps=excluded.reps, rest_sec=excluded.rest_sec, rest_after_sec=excluded.rest_after_sec, notes=excluded.notes;
insert into public.program_day_exercises (id, program_day_id, section, order_index, exercise_id, sets, reps, rest_sec, rest_after_sec, notes) values ('dcf0d126-55bf-5f98-bfc8-1448d52df6e8', '729c7e1f-a9b9-5930-b58a-ea8a72fd3c6b', 'main', 1, 'f86cb5fa-adab-50b4-8dbe-1ce7088e6219', 2, '10', 90, null, null) on conflict (id) do update set section=excluded.section, order_index=excluded.order_index, exercise_id=excluded.exercise_id, sets=excluded.sets, reps=excluded.reps, rest_sec=excluded.rest_sec, rest_after_sec=excluded.rest_after_sec, notes=excluded.notes;
insert into public.program_day_exercises (id, program_day_id, section, order_index, exercise_id, sets, reps, rest_sec, rest_after_sec, notes) values ('ca873993-88f5-5132-8696-dfa55864e781', '729c7e1f-a9b9-5930-b58a-ea8a72fd3c6b', 'main', 2, '676e388c-0072-52b2-8945-ee87f512c415', 2, '8', 75, null, 'Har oyoqqa 8') on conflict (id) do update set section=excluded.section, order_index=excluded.order_index, exercise_id=excluded.exercise_id, sets=excluded.sets, reps=excluded.reps, rest_sec=excluded.rest_sec, rest_after_sec=excluded.rest_after_sec, notes=excluded.notes;
insert into public.program_day_exercises (id, program_day_id, section, order_index, exercise_id, sets, reps, rest_sec, rest_after_sec, notes) values ('9792a2b0-da4e-5abc-973f-a9addab69c19', '729c7e1f-a9b9-5930-b58a-ea8a72fd3c6b', 'main', 3, 'ffaaa067-f637-51c4-8f4b-cfe23459ad95', 2, '10', 75, null, null) on conflict (id) do update set section=excluded.section, order_index=excluded.order_index, exercise_id=excluded.exercise_id, sets=excluded.sets, reps=excluded.reps, rest_sec=excluded.rest_sec, rest_after_sec=excluded.rest_after_sec, notes=excluded.notes;
insert into public.program_day_exercises (id, program_day_id, section, order_index, exercise_id, sets, reps, rest_sec, rest_after_sec, notes) values ('f725d2bc-26a3-5401-9c1c-3fb78748a546', '729c7e1f-a9b9-5930-b58a-ea8a72fd3c6b', 'main', 4, 'a22a5ed0-467a-5f61-a56a-7e33e906c159', 2, '22 sek', 75, null, null) on conflict (id) do update set section=excluded.section, order_index=excluded.order_index, exercise_id=excluded.exercise_id, sets=excluded.sets, reps=excluded.reps, rest_sec=excluded.rest_sec, rest_after_sec=excluded.rest_after_sec, notes=excluded.notes;
insert into public.program_day_exercises (id, program_day_id, section, order_index, exercise_id, sets, reps, rest_sec, rest_after_sec, notes) values ('bbe67005-5c26-5239-b39a-350ffae0b3ab', '729c7e1f-a9b9-5930-b58a-ea8a72fd3c6b', 'cooldown', 1, 'ea691eb6-9c59-5809-b82c-0bf47c9248c9', 1, '30 sek', null, null, null) on conflict (id) do update set section=excluded.section, order_index=excluded.order_index, exercise_id=excluded.exercise_id, sets=excluded.sets, reps=excluded.reps, rest_sec=excluded.rest_sec, rest_after_sec=excluded.rest_after_sec, notes=excluded.notes;
insert into public.program_day_tasks (id, program_day_id, order_index, type, title, duration_min, target, optional, reward_xp, linked_to) values ('186fa5b3-2946-53be-81bf-bc36b7054ae0', '729c7e1f-a9b9-5930-b58a-ea8a72fd3c6b', 0, 'workout', 'Bugungi mashqlarni bajaring', null, null, false, null, 'main_workout') on conflict (id) do update set order_index=excluded.order_index, type=excluded.type, title=excluded.title, duration_min=excluded.duration_min, target=excluded.target, optional=excluded.optional, reward_xp=excluded.reward_xp, linked_to=excluded.linked_to;
insert into public.program_day_tasks (id, program_day_id, order_index, type, title, duration_min, target, optional, reward_xp, linked_to) values ('9e64d6ac-76f7-529f-aec7-83677daf58f7', '729c7e1f-a9b9-5930-b58a-ea8a72fd3c6b', 1, 'lifestyle', '7 stakan suv', null, '7 glasses', false, null, null) on conflict (id) do update set order_index=excluded.order_index, type=excluded.type, title=excluded.title, duration_min=excluded.duration_min, target=excluded.target, optional=excluded.optional, reward_xp=excluded.reward_xp, linked_to=excluded.linked_to;
insert into public.program_days (id, program_id, week_no, day_no, weekday, session_title, intro_video_script, is_rest_day, is_test_day, is_milestone_day, format, rounds, total_duration_min, order_index) values ('1aae717a-4001-562a-861a-e2b8460346cd', 'ad2c696c-d3e0-5594-99c4-d342156639a5', 5, 6, 'Shanba', 'DAM OLISH KUNI', null, true, false, false, 'standard', null, null, 6) on conflict (id) do update set weekday=excluded.weekday, session_title=excluded.session_title, intro_video_script=excluded.intro_video_script, is_rest_day=excluded.is_rest_day, is_test_day=excluded.is_test_day, is_milestone_day=excluded.is_milestone_day, format=excluded.format, rounds=excluded.rounds, total_duration_min=excluded.total_duration_min;
insert into public.program_day_tasks (id, program_day_id, order_index, type, title, duration_min, target, optional, reward_xp, linked_to) values ('ab699207-78c0-5e6b-8074-0c6c5c19eaaf', '1aae717a-4001-562a-861a-e2b8460346cd', 0, 'lifestyle', 'Erkin kun', null, 'optional', false, null, null) on conflict (id) do update set order_index=excluded.order_index, type=excluded.type, title=excluded.title, duration_min=excluded.duration_min, target=excluded.target, optional=excluded.optional, reward_xp=excluded.reward_xp, linked_to=excluded.linked_to;
insert into public.program_days (id, program_id, week_no, day_no, weekday, session_title, intro_video_script, is_rest_day, is_test_day, is_milestone_day, format, rounds, total_duration_min, order_index) values ('608eda3d-9fdf-5572-8211-94a5c6c60887', 'ad2c696c-d3e0-5594-99c4-d342156639a5', 5, 7, 'Yakshanba', 'DAM OLISH + Sharh', null, true, false, false, 'standard', null, null, 7) on conflict (id) do update set weekday=excluded.weekday, session_title=excluded.session_title, intro_video_script=excluded.intro_video_script, is_rest_day=excluded.is_rest_day, is_test_day=excluded.is_test_day, is_milestone_day=excluded.is_milestone_day, format=excluded.format, rounds=excluded.rounds, total_duration_min=excluded.total_duration_min;
insert into public.program_day_tasks (id, program_day_id, order_index, type, title, duration_min, target, optional, reward_xp, linked_to) values ('2a6c7073-eb55-5211-8bb6-b2ca3b58d603', '608eda3d-9fdf-5572-8211-94a5c6c60887', 0, 'education', '5-hafta yakunlandi!', 2, null, false, null, null) on conflict (id) do update set order_index=excluded.order_index, type=excluded.type, title=excluded.title, duration_min=excluded.duration_min, target=excluded.target, optional=excluded.optional, reward_xp=excluded.reward_xp, linked_to=excluded.linked_to;
insert into public.program_days (id, program_id, week_no, day_no, weekday, session_title, intro_video_script, is_rest_day, is_test_day, is_milestone_day, format, rounds, total_duration_min, order_index) values ('b193afea-f628-5df4-bd3b-5ee2445f3193', 'ad2c696c-d3e0-5594-99c4-d342156639a5', 6, 1, 'Dushanba', 'Superset Kuni — Quyi Tana (Moslashtirilgan)', 'Bugun Superset tushunchasini sekin tempoda sinaymiz — dam olish vaqti standartdan ko''proq.', false, false, false, 'superset', 2, 32, 1) on conflict (id) do update set weekday=excluded.weekday, session_title=excluded.session_title, intro_video_script=excluded.intro_video_script, is_rest_day=excluded.is_rest_day, is_test_day=excluded.is_test_day, is_milestone_day=excluded.is_milestone_day, format=excluded.format, rounds=excluded.rounds, total_duration_min=excluded.total_duration_min;
insert into public.program_day_exercises (id, program_day_id, section, order_index, exercise_id, sets, reps, rest_sec, rest_after_sec, notes) values ('7832bb8a-1932-5bc4-b296-74d8045d69ca', 'b193afea-f628-5df4-bd3b-5ee2445f3193', 'warmup', 1, 'e5c367fb-2a98-50ae-a502-6ac17c8a5cf8', 1, '10 takror', null, null, null) on conflict (id) do update set section=excluded.section, order_index=excluded.order_index, exercise_id=excluded.exercise_id, sets=excluded.sets, reps=excluded.reps, rest_sec=excluded.rest_sec, rest_after_sec=excluded.rest_after_sec, notes=excluded.notes;
insert into public.program_day_exercises (id, program_day_id, section, order_index, exercise_id, sets, reps, rest_sec, rest_after_sec, notes) values ('b33f835c-ba9b-594c-8f69-57968fd510ea', 'b193afea-f628-5df4-bd3b-5ee2445f3193', 'main', 1, 'f86cb5fa-adab-50b4-8dbe-1ce7088e6219', null, '8', null, 10, 'A1 — Standartdagi 0 sek o''rniga 10 sek qisqa pauza') on conflict (id) do update set section=excluded.section, order_index=excluded.order_index, exercise_id=excluded.exercise_id, sets=excluded.sets, reps=excluded.reps, rest_sec=excluded.rest_sec, rest_after_sec=excluded.rest_after_sec, notes=excluded.notes;
insert into public.program_day_exercises (id, program_day_id, section, order_index, exercise_id, sets, reps, rest_sec, rest_after_sec, notes) values ('d642234e-e8ca-5cfc-b1c4-0c725d920f57', 'b193afea-f628-5df4-bd3b-5ee2445f3193', 'main', 2, '4d036522-4eb3-5975-9d74-c5c8f3e583e0', null, '10', null, 90, 'A2') on conflict (id) do update set section=excluded.section, order_index=excluded.order_index, exercise_id=excluded.exercise_id, sets=excluded.sets, reps=excluded.reps, rest_sec=excluded.rest_sec, rest_after_sec=excluded.rest_after_sec, notes=excluded.notes;
insert into public.program_day_exercises (id, program_day_id, section, order_index, exercise_id, sets, reps, rest_sec, rest_after_sec, notes) values ('d6056043-388e-5f88-8199-cfb6d935e155', 'b193afea-f628-5df4-bd3b-5ee2445f3193', 'cooldown', 1, '50dda5c0-8a74-5986-8336-c026ead2fe51', 1, '30 sek har oyoq', null, null, null) on conflict (id) do update set section=excluded.section, order_index=excluded.order_index, exercise_id=excluded.exercise_id, sets=excluded.sets, reps=excluded.reps, rest_sec=excluded.rest_sec, rest_after_sec=excluded.rest_after_sec, notes=excluded.notes;
insert into public.program_day_tasks (id, program_day_id, order_index, type, title, duration_min, target, optional, reward_xp, linked_to) values ('6c77f696-0473-5993-903b-44c72f204dbc', 'b193afea-f628-5df4-bd3b-5ee2445f3193', 0, 'education', 'Superset nima — A1+A2 formatini tushunish', 5, null, false, null, null) on conflict (id) do update set order_index=excluded.order_index, type=excluded.type, title=excluded.title, duration_min=excluded.duration_min, target=excluded.target, optional=excluded.optional, reward_xp=excluded.reward_xp, linked_to=excluded.linked_to;
insert into public.program_day_tasks (id, program_day_id, order_index, type, title, duration_min, target, optional, reward_xp, linked_to) values ('e498d7ae-4c9a-53f8-a252-0f9fe38c14dd', 'b193afea-f628-5df4-bd3b-5ee2445f3193', 1, 'workout', 'Bugungi superset''larni bajaring', null, null, false, null, 'main_workout') on conflict (id) do update set order_index=excluded.order_index, type=excluded.type, title=excluded.title, duration_min=excluded.duration_min, target=excluded.target, optional=excluded.optional, reward_xp=excluded.reward_xp, linked_to=excluded.linked_to;
insert into public.program_day_tasks (id, program_day_id, order_index, type, title, duration_min, target, optional, reward_xp, linked_to) values ('e5732047-6619-557b-80a6-e9fb027cf55f', 'b193afea-f628-5df4-bd3b-5ee2445f3193', 2, 'lifestyle', '7 stakan suv', null, '7 glasses', false, null, null) on conflict (id) do update set order_index=excluded.order_index, type=excluded.type, title=excluded.title, duration_min=excluded.duration_min, target=excluded.target, optional=excluded.optional, reward_xp=excluded.reward_xp, linked_to=excluded.linked_to;
insert into public.program_days (id, program_id, week_no, day_no, weekday, session_title, intro_video_script, is_rest_day, is_test_day, is_milestone_day, format, rounds, total_duration_min, order_index) values ('5ea36428-d8fd-5afa-b6fb-d02c97197c13', 'ad2c696c-d3e0-5594-99c4-d342156639a5', 6, 2, 'Seshanba', 'DAM OLISH KUNI', null, true, false, false, 'standard', null, null, 2) on conflict (id) do update set weekday=excluded.weekday, session_title=excluded.session_title, intro_video_script=excluded.intro_video_script, is_rest_day=excluded.is_rest_day, is_test_day=excluded.is_test_day, is_milestone_day=excluded.is_milestone_day, format=excluded.format, rounds=excluded.rounds, total_duration_min=excluded.total_duration_min;
insert into public.program_day_tasks (id, program_day_id, order_index, type, title, duration_min, target, optional, reward_xp, linked_to) values ('25d4a987-19e6-5440-9499-50b94b41e0f7', '5ea36428-d8fd-5afa-b6fb-d02c97197c13', 0, 'lifestyle', 'Yengil sayr', null, 'optional', false, null, null) on conflict (id) do update set order_index=excluded.order_index, type=excluded.type, title=excluded.title, duration_min=excluded.duration_min, target=excluded.target, optional=excluded.optional, reward_xp=excluded.reward_xp, linked_to=excluded.linked_to;
insert into public.program_day_tasks (id, program_day_id, order_index, type, title, duration_min, target, optional, reward_xp, linked_to) values ('0e1b3854-9315-5d7a-b042-12c5f64cd42e', '5ea36428-d8fd-5afa-b6fb-d02c97197c13', 1, 'lifestyle', '7 stakan suv', null, '7 glasses', false, null, null) on conflict (id) do update set order_index=excluded.order_index, type=excluded.type, title=excluded.title, duration_min=excluded.duration_min, target=excluded.target, optional=excluded.optional, reward_xp=excluded.reward_xp, linked_to=excluded.linked_to;
insert into public.program_days (id, program_id, week_no, day_no, weekday, session_title, intro_video_script, is_rest_day, is_test_day, is_milestone_day, format, rounds, total_duration_min, order_index) values ('9e60364f-4f3b-56dd-a223-81de2ae61c1f', 'ad2c696c-d3e0-5594-99c4-d342156639a5', 6, 3, 'Chorshanba', 'Superset Kuni — Yuqori Tana (Moslashtirilgan)', 'Bugun yuqori tana uchun superset — yengil tempoda.', false, false, false, 'superset', 2, 33, 3) on conflict (id) do update set weekday=excluded.weekday, session_title=excluded.session_title, intro_video_script=excluded.intro_video_script, is_rest_day=excluded.is_rest_day, is_test_day=excluded.is_test_day, is_milestone_day=excluded.is_milestone_day, format=excluded.format, rounds=excluded.rounds, total_duration_min=excluded.total_duration_min;
insert into public.program_day_exercises (id, program_day_id, section, order_index, exercise_id, sets, reps, rest_sec, rest_after_sec, notes) values ('15ca0d45-3155-5378-a5c6-91a1010c162d', '9e60364f-4f3b-56dd-a223-81de2ae61c1f', 'warmup', 1, 'e786b59b-9645-563f-a17f-204570542828', 1, '10 takror', null, null, null) on conflict (id) do update set section=excluded.section, order_index=excluded.order_index, exercise_id=excluded.exercise_id, sets=excluded.sets, reps=excluded.reps, rest_sec=excluded.rest_sec, rest_after_sec=excluded.rest_after_sec, notes=excluded.notes;
insert into public.program_day_exercises (id, program_day_id, section, order_index, exercise_id, sets, reps, rest_sec, rest_after_sec, notes) values ('c287b83e-8a1e-53b8-8501-08b14464e769', '9e60364f-4f3b-56dd-a223-81de2ae61c1f', 'main', 1, 'bfac5a77-0709-5b8e-9c8e-368f91175df3', null, '8', null, 10, 'B1') on conflict (id) do update set section=excluded.section, order_index=excluded.order_index, exercise_id=excluded.exercise_id, sets=excluded.sets, reps=excluded.reps, rest_sec=excluded.rest_sec, rest_after_sec=excluded.rest_after_sec, notes=excluded.notes;
insert into public.program_day_exercises (id, program_day_id, section, order_index, exercise_id, sets, reps, rest_sec, rest_after_sec, notes) values ('302e437e-d528-5530-bcdd-666bad1a9377', '9e60364f-4f3b-56dd-a223-81de2ae61c1f', 'main', 2, '8fc8157a-cd49-5977-a26f-add0538b55d9', null, '8', null, 90, 'B2') on conflict (id) do update set section=excluded.section, order_index=excluded.order_index, exercise_id=excluded.exercise_id, sets=excluded.sets, reps=excluded.reps, rest_sec=excluded.rest_sec, rest_after_sec=excluded.rest_after_sec, notes=excluded.notes;
insert into public.program_day_exercises (id, program_day_id, section, order_index, exercise_id, sets, reps, rest_sec, rest_after_sec, notes) values ('746f91fd-05e8-59cb-bdf8-72c05e35a7c2', '9e60364f-4f3b-56dd-a223-81de2ae61c1f', 'main', 1, '19080a1b-6260-531f-b362-b8d434e86ef4', 2, '15 sek har tomon', 75, null, 'Superset''dan keyin alohida bajariladi') on conflict (id) do update set section=excluded.section, order_index=excluded.order_index, exercise_id=excluded.exercise_id, sets=excluded.sets, reps=excluded.reps, rest_sec=excluded.rest_sec, rest_after_sec=excluded.rest_after_sec, notes=excluded.notes;
insert into public.program_day_exercises (id, program_day_id, section, order_index, exercise_id, sets, reps, rest_sec, rest_after_sec, notes) values ('48ce9f34-b3d1-510b-94ac-2d5f32641c59', '9e60364f-4f3b-56dd-a223-81de2ae61c1f', 'cooldown', 1, '7599d168-4a76-5d09-8606-b83ce4a9910a', 1, '30 sek har tomon', null, null, null) on conflict (id) do update set section=excluded.section, order_index=excluded.order_index, exercise_id=excluded.exercise_id, sets=excluded.sets, reps=excluded.reps, rest_sec=excluded.rest_sec, rest_after_sec=excluded.rest_after_sec, notes=excluded.notes;
insert into public.program_day_tasks (id, program_day_id, order_index, type, title, duration_min, target, optional, reward_xp, linked_to) values ('f2587d6d-6270-5516-9107-772327761844', '9e60364f-4f3b-56dd-a223-81de2ae61c1f', 0, 'workout', 'Bugungi superset''larni bajaring', null, null, false, null, 'main_workout') on conflict (id) do update set order_index=excluded.order_index, type=excluded.type, title=excluded.title, duration_min=excluded.duration_min, target=excluded.target, optional=excluded.optional, reward_xp=excluded.reward_xp, linked_to=excluded.linked_to;
insert into public.program_day_tasks (id, program_day_id, order_index, type, title, duration_min, target, optional, reward_xp, linked_to) values ('34ae79d9-4b02-5576-a070-f57f9add08dd', '9e60364f-4f3b-56dd-a223-81de2ae61c1f', 1, 'lifestyle', '7 stakan suv', null, '7 glasses', false, null, null) on conflict (id) do update set order_index=excluded.order_index, type=excluded.type, title=excluded.title, duration_min=excluded.duration_min, target=excluded.target, optional=excluded.optional, reward_xp=excluded.reward_xp, linked_to=excluded.linked_to;
insert into public.program_days (id, program_id, week_no, day_no, weekday, session_title, intro_video_script, is_rest_day, is_test_day, is_milestone_day, format, rounds, total_duration_min, order_index) values ('3fefccd0-226c-54f0-8c29-3520e3874842', 'ad2c696c-d3e0-5594-99c4-d342156639a5', 6, 4, 'Payshanba', 'DAM OLISH KUNI', null, true, false, false, 'standard', null, null, 4) on conflict (id) do update set weekday=excluded.weekday, session_title=excluded.session_title, intro_video_script=excluded.intro_video_script, is_rest_day=excluded.is_rest_day, is_test_day=excluded.is_test_day, is_milestone_day=excluded.is_milestone_day, format=excluded.format, rounds=excluded.rounds, total_duration_min=excluded.total_duration_min;
insert into public.program_day_tasks (id, program_day_id, order_index, type, title, duration_min, target, optional, reward_xp, linked_to) values ('dc7bcf65-958b-5adf-a4ec-85f412349b04', '3fefccd0-226c-54f0-8c29-3520e3874842', 0, 'lifestyle', 'Yoga/cho''zish 15 daqiqa', null, 'optional', false, null, null) on conflict (id) do update set order_index=excluded.order_index, type=excluded.type, title=excluded.title, duration_min=excluded.duration_min, target=excluded.target, optional=excluded.optional, reward_xp=excluded.reward_xp, linked_to=excluded.linked_to;
insert into public.program_day_tasks (id, program_day_id, order_index, type, title, duration_min, target, optional, reward_xp, linked_to) values ('9ce5882a-0a93-5280-93db-1319fe276163', '3fefccd0-226c-54f0-8c29-3520e3874842', 1, 'lifestyle', '7 stakan suv', null, '7 glasses', false, null, null) on conflict (id) do update set order_index=excluded.order_index, type=excluded.type, title=excluded.title, duration_min=excluded.duration_min, target=excluded.target, optional=excluded.optional, reward_xp=excluded.reward_xp, linked_to=excluded.linked_to;
insert into public.program_days (id, program_id, week_no, day_no, weekday, session_title, intro_video_script, is_rest_day, is_test_day, is_milestone_day, format, rounds, total_duration_min, order_index) values ('f3cd4654-1bd6-5e0f-9075-3b3ef3df6a7e', 'ad2c696c-d3e0-5594-99c4-d342156639a5', 6, 5, 'Juma', 'Yengil AMRAP (Moslashtirilgan)', 'Bugun AMRAP formatini sinaymiz — lekin sakrash yo''q, faqat yerda/o''tirib bajariladigan mashqlar.', false, false, false, 'amrap', null, 24, 5) on conflict (id) do update set weekday=excluded.weekday, session_title=excluded.session_title, intro_video_script=excluded.intro_video_script, is_rest_day=excluded.is_rest_day, is_test_day=excluded.is_test_day, is_milestone_day=excluded.is_milestone_day, format=excluded.format, rounds=excluded.rounds, total_duration_min=excluded.total_duration_min;
insert into public.program_day_exercises (id, program_day_id, section, order_index, exercise_id, sets, reps, rest_sec, rest_after_sec, notes) values ('32a1f277-8975-500e-b9d2-e547186687c3', 'f3cd4654-1bd6-5e0f-9075-3b3ef3df6a7e', 'warmup', 1, '404732f9-59af-5732-9d3c-02b4aa0862d6', 1, '10 har oyoq', null, null, null) on conflict (id) do update set section=excluded.section, order_index=excluded.order_index, exercise_id=excluded.exercise_id, sets=excluded.sets, reps=excluded.reps, rest_sec=excluded.rest_sec, rest_after_sec=excluded.rest_after_sec, notes=excluded.notes;
insert into public.program_day_exercises (id, program_day_id, section, order_index, exercise_id, sets, reps, rest_sec, rest_after_sec, notes) values ('b47feb29-a162-5f5a-96a0-a48ec28207c4', 'f3cd4654-1bd6-5e0f-9075-3b3ef3df6a7e', 'main', 1, 'bfac5a77-0709-5b8e-9c8e-368f91175df3', null, '5', null, null, null) on conflict (id) do update set section=excluded.section, order_index=excluded.order_index, exercise_id=excluded.exercise_id, sets=excluded.sets, reps=excluded.reps, rest_sec=excluded.rest_sec, rest_after_sec=excluded.rest_after_sec, notes=excluded.notes;
insert into public.program_day_exercises (id, program_day_id, section, order_index, exercise_id, sets, reps, rest_sec, rest_after_sec, notes) values ('ae5b12e9-f957-5c88-8eba-932e06505721', 'f3cd4654-1bd6-5e0f-9075-3b3ef3df6a7e', 'main', 2, 'f86cb5fa-adab-50b4-8dbe-1ce7088e6219', null, '8', null, null, null) on conflict (id) do update set section=excluded.section, order_index=excluded.order_index, exercise_id=excluded.exercise_id, sets=excluded.sets, reps=excluded.reps, rest_sec=excluded.rest_sec, rest_after_sec=excluded.rest_after_sec, notes=excluded.notes;
insert into public.program_day_exercises (id, program_day_id, section, order_index, exercise_id, sets, reps, rest_sec, rest_after_sec, notes) values ('78452a5a-2b87-5c4f-bcbc-3afd52680384', 'f3cd4654-1bd6-5e0f-9075-3b3ef3df6a7e', 'main', 3, 'a22a5ed0-467a-5f61-a56a-7e33e906c159', null, '10 sek', null, null, null) on conflict (id) do update set section=excluded.section, order_index=excluded.order_index, exercise_id=excluded.exercise_id, sets=excluded.sets, reps=excluded.reps, rest_sec=excluded.rest_sec, rest_after_sec=excluded.rest_after_sec, notes=excluded.notes;
insert into public.program_day_exercises (id, program_day_id, section, order_index, exercise_id, sets, reps, rest_sec, rest_after_sec, notes) values ('84557794-8d58-5baa-99bb-bdef5b46c950', 'f3cd4654-1bd6-5e0f-9075-3b3ef3df6a7e', 'cooldown', 1, 'ea691eb6-9c59-5809-b82c-0bf47c9248c9', 1, '30 sek', null, null, null) on conflict (id) do update set section=excluded.section, order_index=excluded.order_index, exercise_id=excluded.exercise_id, sets=excluded.sets, reps=excluded.reps, rest_sec=excluded.rest_sec, rest_after_sec=excluded.rest_after_sec, notes=excluded.notes;
insert into public.program_day_tasks (id, program_day_id, order_index, type, title, duration_min, target, optional, reward_xp, linked_to) values ('e4653604-0f35-5d17-8ca4-6bdd2239b5c4', 'f3cd4654-1bd6-5e0f-9075-3b3ef3df6a7e', 0, 'education', 'AMRAP nima — o''z tempingizda maksimal natija', 4, null, false, null, null) on conflict (id) do update set order_index=excluded.order_index, type=excluded.type, title=excluded.title, duration_min=excluded.duration_min, target=excluded.target, optional=excluded.optional, reward_xp=excluded.reward_xp, linked_to=excluded.linked_to;
insert into public.program_day_tasks (id, program_day_id, order_index, type, title, duration_min, target, optional, reward_xp, linked_to) values ('86df944f-3a18-5c07-989e-b3d22480d4c7', 'f3cd4654-1bd6-5e0f-9075-3b3ef3df6a7e', 1, 'workout', '4 daqiqalik AMRAP''ni bajaring', null, null, false, null, 'main_workout') on conflict (id) do update set order_index=excluded.order_index, type=excluded.type, title=excluded.title, duration_min=excluded.duration_min, target=excluded.target, optional=excluded.optional, reward_xp=excluded.reward_xp, linked_to=excluded.linked_to;
insert into public.program_day_tasks (id, program_day_id, order_index, type, title, duration_min, target, optional, reward_xp, linked_to) values ('c4b35c01-4782-54e1-8b10-86a07a875a02', 'f3cd4654-1bd6-5e0f-9075-3b3ef3df6a7e', 2, 'lifestyle', '7 stakan suv', null, '7 glasses', false, null, null) on conflict (id) do update set order_index=excluded.order_index, type=excluded.type, title=excluded.title, duration_min=excluded.duration_min, target=excluded.target, optional=excluded.optional, reward_xp=excluded.reward_xp, linked_to=excluded.linked_to;
insert into public.program_days (id, program_id, week_no, day_no, weekday, session_title, intro_video_script, is_rest_day, is_test_day, is_milestone_day, format, rounds, total_duration_min, order_index) values ('533beeb9-0f05-5cc8-ab1e-fc40d7173148', 'ad2c696c-d3e0-5594-99c4-d342156639a5', 6, 6, 'Shanba', 'DAM OLISH KUNI', null, true, false, false, 'standard', null, null, 6) on conflict (id) do update set weekday=excluded.weekday, session_title=excluded.session_title, intro_video_script=excluded.intro_video_script, is_rest_day=excluded.is_rest_day, is_test_day=excluded.is_test_day, is_milestone_day=excluded.is_milestone_day, format=excluded.format, rounds=excluded.rounds, total_duration_min=excluded.total_duration_min;
insert into public.program_day_tasks (id, program_day_id, order_index, type, title, duration_min, target, optional, reward_xp, linked_to) values ('31d5d619-c79f-5d89-9a5d-313ae3cdb421', '533beeb9-0f05-5cc8-ab1e-fc40d7173148', 0, 'lifestyle', 'Erkin kun', null, 'optional', false, null, null) on conflict (id) do update set order_index=excluded.order_index, type=excluded.type, title=excluded.title, duration_min=excluded.duration_min, target=excluded.target, optional=excluded.optional, reward_xp=excluded.reward_xp, linked_to=excluded.linked_to;
insert into public.program_days (id, program_id, week_no, day_no, weekday, session_title, intro_video_script, is_rest_day, is_test_day, is_milestone_day, format, rounds, total_duration_min, order_index) values ('0de455bc-0c62-517e-91c9-95c4482a637f', 'ad2c696c-d3e0-5594-99c4-d342156639a5', 6, 7, 'Yakshanba', 'DAM OLISH + Sharh', null, true, false, false, 'standard', null, null, 7) on conflict (id) do update set weekday=excluded.weekday, session_title=excluded.session_title, intro_video_script=excluded.intro_video_script, is_rest_day=excluded.is_rest_day, is_test_day=excluded.is_test_day, is_milestone_day=excluded.is_milestone_day, format=excluded.format, rounds=excluded.rounds, total_duration_min=excluded.total_duration_min;
insert into public.program_day_tasks (id, program_day_id, order_index, type, title, duration_min, target, optional, reward_xp, linked_to) values ('e89ad54f-28fd-5a88-a8ae-8ce2b4ed3b4c', '0de455bc-0c62-517e-91c9-95c4482a637f', 0, 'education', '6-hafta yakunlandi!', 2, null, false, null, null) on conflict (id) do update set order_index=excluded.order_index, type=excluded.type, title=excluded.title, duration_min=excluded.duration_min, target=excluded.target, optional=excluded.optional, reward_xp=excluded.reward_xp, linked_to=excluded.linked_to;
insert into public.program_days (id, program_id, week_no, day_no, weekday, session_title, intro_video_script, is_rest_day, is_test_day, is_milestone_day, format, rounds, total_duration_min, order_index) values ('37ccb5d2-f9af-5590-ba75-36c90b72eafe', 'ad2c696c-d3e0-5594-99c4-d342156639a5', 7, 1, 'Dushanba', 'Hinge Pattern Chuqurlashtirish (Moslashtirilgan)', 'Bugun ''hinge'' harakatini — sondan egilishni — sekin va nazorat bilan o''rganamiz.', false, false, false, 'standard', null, 35, 1) on conflict (id) do update set weekday=excluded.weekday, session_title=excluded.session_title, intro_video_script=excluded.intro_video_script, is_rest_day=excluded.is_rest_day, is_test_day=excluded.is_test_day, is_milestone_day=excluded.is_milestone_day, format=excluded.format, rounds=excluded.rounds, total_duration_min=excluded.total_duration_min;
insert into public.program_day_exercises (id, program_day_id, section, order_index, exercise_id, sets, reps, rest_sec, rest_after_sec, notes) values ('45efa247-fd88-5127-8cf9-ff63537ff161', '37ccb5d2-f9af-5590-ba75-36c90b72eafe', 'warmup', 1, 'ed3eabdb-04d3-534a-b377-4c083f141e14', 1, '10 har tomon', null, null, null) on conflict (id) do update set section=excluded.section, order_index=excluded.order_index, exercise_id=excluded.exercise_id, sets=excluded.sets, reps=excluded.reps, rest_sec=excluded.rest_sec, rest_after_sec=excluded.rest_after_sec, notes=excluded.notes;
insert into public.program_day_exercises (id, program_day_id, section, order_index, exercise_id, sets, reps, rest_sec, rest_after_sec, notes) values ('619c55c7-7e6d-54a9-acb3-5f66f3e262d1', '37ccb5d2-f9af-5590-ba75-36c90b72eafe', 'warmup', 2, '404732f9-59af-5732-9d3c-02b4aa0862d6', 1, '10 har oyoq', null, null, null) on conflict (id) do update set section=excluded.section, order_index=excluded.order_index, exercise_id=excluded.exercise_id, sets=excluded.sets, reps=excluded.reps, rest_sec=excluded.rest_sec, rest_after_sec=excluded.rest_after_sec, notes=excluded.notes;
insert into public.program_day_exercises (id, program_day_id, section, order_index, exercise_id, sets, reps, rest_sec, rest_after_sec, notes) values ('baab79e6-43ad-5611-92c9-50cd77f69891', '37ccb5d2-f9af-5590-ba75-36c90b72eafe', 'main', 1, '1c3578e5-bc07-58aa-9487-d466ae6d4eec', 2, '10', 90, null, 'Bel og''rig''i bo''lsa, amplitudani kamaytiring') on conflict (id) do update set section=excluded.section, order_index=excluded.order_index, exercise_id=excluded.exercise_id, sets=excluded.sets, reps=excluded.reps, rest_sec=excluded.rest_sec, rest_after_sec=excluded.rest_after_sec, notes=excluded.notes;
insert into public.program_day_exercises (id, program_day_id, section, order_index, exercise_id, sets, reps, rest_sec, rest_after_sec, notes) values ('21c9338a-eb13-5b84-87fd-e3bcbdb56eab', '37ccb5d2-f9af-5590-ba75-36c90b72eafe', 'main', 2, 'f86cb5fa-adab-50b4-8dbe-1ce7088e6219', 2, '12', 90, null, null) on conflict (id) do update set section=excluded.section, order_index=excluded.order_index, exercise_id=excluded.exercise_id, sets=excluded.sets, reps=excluded.reps, rest_sec=excluded.rest_sec, rest_after_sec=excluded.rest_after_sec, notes=excluded.notes;
insert into public.program_day_exercises (id, program_day_id, section, order_index, exercise_id, sets, reps, rest_sec, rest_after_sec, notes) values ('1d3b94cf-db08-518e-9fa8-88d2bdf6f5f4', '37ccb5d2-f9af-5590-ba75-36c90b72eafe', 'main', 3, '676e388c-0072-52b2-8945-ee87f512c415', 2, '10', 75, null, 'Har oyoqqa 10') on conflict (id) do update set section=excluded.section, order_index=excluded.order_index, exercise_id=excluded.exercise_id, sets=excluded.sets, reps=excluded.reps, rest_sec=excluded.rest_sec, rest_after_sec=excluded.rest_after_sec, notes=excluded.notes;
insert into public.program_day_exercises (id, program_day_id, section, order_index, exercise_id, sets, reps, rest_sec, rest_after_sec, notes) values ('9b9146b9-7cf6-508e-90fa-8dd4f1820bec', '37ccb5d2-f9af-5590-ba75-36c90b72eafe', 'cooldown', 1, '50dda5c0-8a74-5986-8336-c026ead2fe51', 1, '30 sek har oyoq', null, null, null) on conflict (id) do update set section=excluded.section, order_index=excluded.order_index, exercise_id=excluded.exercise_id, sets=excluded.sets, reps=excluded.reps, rest_sec=excluded.rest_sec, rest_after_sec=excluded.rest_after_sec, notes=excluded.notes;
insert into public.program_day_tasks (id, program_day_id, order_index, type, title, duration_min, target, optional, reward_xp, linked_to) values ('8fa0bbec-fc62-5864-a37a-755d9d46d015', '37ccb5d2-f9af-5590-ba75-36c90b72eafe', 0, 'education', 'Hip Hinge nima — Squat bilan farqi', 5, null, false, null, null) on conflict (id) do update set order_index=excluded.order_index, type=excluded.type, title=excluded.title, duration_min=excluded.duration_min, target=excluded.target, optional=excluded.optional, reward_xp=excluded.reward_xp, linked_to=excluded.linked_to;
insert into public.program_day_tasks (id, program_day_id, order_index, type, title, duration_min, target, optional, reward_xp, linked_to) values ('1751dd69-de9d-5bc0-85e4-4f6195ef0f49', '37ccb5d2-f9af-5590-ba75-36c90b72eafe', 1, 'workout', 'Bugungi mashqlarni bajaring', null, null, false, null, 'main_workout') on conflict (id) do update set order_index=excluded.order_index, type=excluded.type, title=excluded.title, duration_min=excluded.duration_min, target=excluded.target, optional=excluded.optional, reward_xp=excluded.reward_xp, linked_to=excluded.linked_to;
insert into public.program_day_tasks (id, program_day_id, order_index, type, title, duration_min, target, optional, reward_xp, linked_to) values ('0119de27-9dd0-5481-be3c-d048db0d625e', '37ccb5d2-f9af-5590-ba75-36c90b72eafe', 2, 'lifestyle', '7 stakan suv', null, '7 glasses', false, null, null) on conflict (id) do update set order_index=excluded.order_index, type=excluded.type, title=excluded.title, duration_min=excluded.duration_min, target=excluded.target, optional=excluded.optional, reward_xp=excluded.reward_xp, linked_to=excluded.linked_to;
insert into public.program_days (id, program_id, week_no, day_no, weekday, session_title, intro_video_script, is_rest_day, is_test_day, is_milestone_day, format, rounds, total_duration_min, order_index) values ('de3bd805-d7ea-59d0-96dd-b1028c06fd7e', 'ad2c696c-d3e0-5594-99c4-d342156639a5', 7, 2, 'Seshanba', 'DAM OLISH KUNI', null, true, false, false, 'standard', null, null, 2) on conflict (id) do update set weekday=excluded.weekday, session_title=excluded.session_title, intro_video_script=excluded.intro_video_script, is_rest_day=excluded.is_rest_day, is_test_day=excluded.is_test_day, is_milestone_day=excluded.is_milestone_day, format=excluded.format, rounds=excluded.rounds, total_duration_min=excluded.total_duration_min;
insert into public.program_day_tasks (id, program_day_id, order_index, type, title, duration_min, target, optional, reward_xp, linked_to) values ('a0e8f261-ea30-507b-9017-85539c7da377', 'de3bd805-d7ea-59d0-96dd-b1028c06fd7e', 0, 'lifestyle', '15 daqiqa sayr', null, '15 min walk', false, null, null) on conflict (id) do update set order_index=excluded.order_index, type=excluded.type, title=excluded.title, duration_min=excluded.duration_min, target=excluded.target, optional=excluded.optional, reward_xp=excluded.reward_xp, linked_to=excluded.linked_to;
insert into public.program_day_tasks (id, program_day_id, order_index, type, title, duration_min, target, optional, reward_xp, linked_to) values ('614fc4fb-36c6-5e5a-8366-f21cb0d8428d', 'de3bd805-d7ea-59d0-96dd-b1028c06fd7e', 1, 'lifestyle', '7 stakan suv', null, '7 glasses', false, null, null) on conflict (id) do update set order_index=excluded.order_index, type=excluded.type, title=excluded.title, duration_min=excluded.duration_min, target=excluded.target, optional=excluded.optional, reward_xp=excluded.reward_xp, linked_to=excluded.linked_to;
insert into public.program_days (id, program_id, week_no, day_no, weekday, session_title, intro_video_script, is_rest_day, is_test_day, is_milestone_day, format, rounds, total_duration_min, order_index) values ('ce06642b-1c1d-5177-9022-ba5b86ab54da', 'ad2c696c-d3e0-5594-99c4-d342156639a5', 7, 3, 'Chorshanba', 'Core Kuchini Sinash (Moslashtirilgan)', 'Bugun core mashqlarida sekin tempoda davom etamiz, Sekin Mountain Climbers''ni sinaymiz.', false, false, false, 'standard', null, 32, 3) on conflict (id) do update set weekday=excluded.weekday, session_title=excluded.session_title, intro_video_script=excluded.intro_video_script, is_rest_day=excluded.is_rest_day, is_test_day=excluded.is_test_day, is_milestone_day=excluded.is_milestone_day, format=excluded.format, rounds=excluded.rounds, total_duration_min=excluded.total_duration_min;
insert into public.program_day_exercises (id, program_day_id, section, order_index, exercise_id, sets, reps, rest_sec, rest_after_sec, notes) values ('a62c649b-3ff7-5df0-90b9-238f5f15ef38', 'ce06642b-1c1d-5177-9022-ba5b86ab54da', 'warmup', 1, '4dfb30c4-3a5f-5e7b-b8e9-b7cccc315a1d', 1, '15 sek', null, null, 'Sekin tempoda') on conflict (id) do update set section=excluded.section, order_index=excluded.order_index, exercise_id=excluded.exercise_id, sets=excluded.sets, reps=excluded.reps, rest_sec=excluded.rest_sec, rest_after_sec=excluded.rest_after_sec, notes=excluded.notes;
insert into public.program_day_exercises (id, program_day_id, section, order_index, exercise_id, sets, reps, rest_sec, rest_after_sec, notes) values ('74e46831-8456-5814-8c42-b4c5a29c701a', 'ce06642b-1c1d-5177-9022-ba5b86ab54da', 'main', 1, '3310b62f-7202-5b5c-bfe1-a3a4a6498710', 2, '12', 75, null, 'Har tomon 1 hisob, sekin va nazorat bilan, bel og''rig''i bo''lsa o''tkazib yuborish mumkin') on conflict (id) do update set section=excluded.section, order_index=excluded.order_index, exercise_id=excluded.exercise_id, sets=excluded.sets, reps=excluded.reps, rest_sec=excluded.rest_sec, rest_after_sec=excluded.rest_after_sec, notes=excluded.notes;
insert into public.program_day_exercises (id, program_day_id, section, order_index, exercise_id, sets, reps, rest_sec, rest_after_sec, notes) values ('75ce711e-9cce-572a-a993-19bd669da4cf', 'ce06642b-1c1d-5177-9022-ba5b86ab54da', 'main', 2, 'fbc25d59-21ea-5228-9c9f-17f611a1a74e', 2, '15 sek', 75, null, 'MUHIM: standart tezlikdan farqli, bu yerda HAR HARAKATNI 2 soniyada bajaring — tez emas, sekin va nazorat bilan') on conflict (id) do update set section=excluded.section, order_index=excluded.order_index, exercise_id=excluded.exercise_id, sets=excluded.sets, reps=excluded.reps, rest_sec=excluded.rest_sec, rest_after_sec=excluded.rest_after_sec, notes=excluded.notes;
insert into public.program_day_exercises (id, program_day_id, section, order_index, exercise_id, sets, reps, rest_sec, rest_after_sec, notes) values ('d4bb3379-554e-5d25-9120-7de52e0c1b03', 'ce06642b-1c1d-5177-9022-ba5b86ab54da', 'main', 3, 'a22a5ed0-467a-5f61-a56a-7e33e906c159', 2, '25 sek', 75, null, null) on conflict (id) do update set section=excluded.section, order_index=excluded.order_index, exercise_id=excluded.exercise_id, sets=excluded.sets, reps=excluded.reps, rest_sec=excluded.rest_sec, rest_after_sec=excluded.rest_after_sec, notes=excluded.notes;
insert into public.program_day_exercises (id, program_day_id, section, order_index, exercise_id, sets, reps, rest_sec, rest_after_sec, notes) values ('9578e087-fc5b-561d-ad84-733cc0751ee1', 'ce06642b-1c1d-5177-9022-ba5b86ab54da', 'cooldown', 1, 'b26cfd56-68ae-5f6e-bbe3-b33b6ef28c55', 1, '30 sek', null, null, 'Bel og''rig''i bo''lsa o''tkazib yuborish mumkin') on conflict (id) do update set section=excluded.section, order_index=excluded.order_index, exercise_id=excluded.exercise_id, sets=excluded.sets, reps=excluded.reps, rest_sec=excluded.rest_sec, rest_after_sec=excluded.rest_after_sec, notes=excluded.notes;
insert into public.program_day_tasks (id, program_day_id, order_index, type, title, duration_min, target, optional, reward_xp, linked_to) values ('e79f5d0b-d815-5338-b9e2-4b73b94910c4', 'ce06642b-1c1d-5177-9022-ba5b86ab54da', 0, 'workout', 'Bugungi mashqlarni bajaring', null, null, false, null, 'main_workout') on conflict (id) do update set order_index=excluded.order_index, type=excluded.type, title=excluded.title, duration_min=excluded.duration_min, target=excluded.target, optional=excluded.optional, reward_xp=excluded.reward_xp, linked_to=excluded.linked_to;
insert into public.program_day_tasks (id, program_day_id, order_index, type, title, duration_min, target, optional, reward_xp, linked_to) values ('2250a9c8-1717-5263-94e6-b348b2a0c0ce', 'ce06642b-1c1d-5177-9022-ba5b86ab54da', 1, 'lifestyle', '7 stakan suv', null, '7 glasses', false, null, null) on conflict (id) do update set order_index=excluded.order_index, type=excluded.type, title=excluded.title, duration_min=excluded.duration_min, target=excluded.target, optional=excluded.optional, reward_xp=excluded.reward_xp, linked_to=excluded.linked_to;
insert into public.program_day_tasks (id, program_day_id, order_index, type, title, duration_min, target, optional, reward_xp, linked_to) values ('bf5b74cd-2dc2-524c-8c6f-0bb9237d937e', 'ce06642b-1c1d-5177-9022-ba5b86ab54da', 2, 'challenge', 'Bonus: Tizzada Plank''ni 30 sek ushlab turing', null, null, true, 15, null) on conflict (id) do update set order_index=excluded.order_index, type=excluded.type, title=excluded.title, duration_min=excluded.duration_min, target=excluded.target, optional=excluded.optional, reward_xp=excluded.reward_xp, linked_to=excluded.linked_to;
insert into public.program_days (id, program_id, week_no, day_no, weekday, session_title, intro_video_script, is_rest_day, is_test_day, is_milestone_day, format, rounds, total_duration_min, order_index) values ('4120bff8-ffb9-54d2-9d52-9757fe4d2462', 'ad2c696c-d3e0-5594-99c4-d342156639a5', 7, 4, 'Payshanba', 'DAM OLISH KUNI', null, true, false, false, 'standard', null, null, 4) on conflict (id) do update set weekday=excluded.weekday, session_title=excluded.session_title, intro_video_script=excluded.intro_video_script, is_rest_day=excluded.is_rest_day, is_test_day=excluded.is_test_day, is_milestone_day=excluded.is_milestone_day, format=excluded.format, rounds=excluded.rounds, total_duration_min=excluded.total_duration_min;
insert into public.program_day_tasks (id, program_day_id, order_index, type, title, duration_min, target, optional, reward_xp, linked_to) values ('150171b6-ca1d-5fda-8432-753072c5ecb4', '4120bff8-ffb9-54d2-9d52-9757fe4d2462', 0, 'lifestyle', 'Yengil cho''zish (10 daqiqa)', null, 'optional', false, null, null) on conflict (id) do update set order_index=excluded.order_index, type=excluded.type, title=excluded.title, duration_min=excluded.duration_min, target=excluded.target, optional=excluded.optional, reward_xp=excluded.reward_xp, linked_to=excluded.linked_to;
insert into public.program_day_tasks (id, program_day_id, order_index, type, title, duration_min, target, optional, reward_xp, linked_to) values ('0e360c8a-03fd-59f8-a7dd-24b92006731f', '4120bff8-ffb9-54d2-9d52-9757fe4d2462', 1, 'lifestyle', '7 stakan suv', null, '7 glasses', false, null, null) on conflict (id) do update set order_index=excluded.order_index, type=excluded.type, title=excluded.title, duration_min=excluded.duration_min, target=excluded.target, optional=excluded.optional, reward_xp=excluded.reward_xp, linked_to=excluded.linked_to;
insert into public.program_days (id, program_id, week_no, day_no, weekday, session_title, intro_video_script, is_rest_day, is_test_day, is_milestone_day, format, rounds, total_duration_min, order_index) values ('7ba0458c-93bb-5451-95e1-5b2565ef46eb', 'ad2c696c-d3e0-5594-99c4-d342156639a5', 7, 5, 'Juma', 'Full Body — Aylanma Format Yakuniy (Moslashtirilgan)', 'Bu — Phase 1''dagi eng to''liq circuit kuningiz, o''z tempingizda.', false, false, false, 'circuit', 2, 38, 5) on conflict (id) do update set weekday=excluded.weekday, session_title=excluded.session_title, intro_video_script=excluded.intro_video_script, is_rest_day=excluded.is_rest_day, is_test_day=excluded.is_test_day, is_milestone_day=excluded.is_milestone_day, format=excluded.format, rounds=excluded.rounds, total_duration_min=excluded.total_duration_min;
insert into public.program_day_exercises (id, program_day_id, section, order_index, exercise_id, sets, reps, rest_sec, rest_after_sec, notes) values ('9eaa67b5-f42d-5e53-ac14-d8abd880d025', '7ba0458c-93bb-5451-95e1-5b2565ef46eb', 'warmup', 1, '404732f9-59af-5732-9d3c-02b4aa0862d6', 1, '10 har oyoq', null, null, null) on conflict (id) do update set section=excluded.section, order_index=excluded.order_index, exercise_id=excluded.exercise_id, sets=excluded.sets, reps=excluded.reps, rest_sec=excluded.rest_sec, rest_after_sec=excluded.rest_after_sec, notes=excluded.notes;
insert into public.program_day_exercises (id, program_day_id, section, order_index, exercise_id, sets, reps, rest_sec, rest_after_sec, notes) values ('d7beb76f-c637-5d21-b807-35eb1f3b9ec6', '7ba0458c-93bb-5451-95e1-5b2565ef46eb', 'warmup', 2, 'e5c367fb-2a98-50ae-a502-6ac17c8a5cf8', 1, '10 takror', null, null, null) on conflict (id) do update set section=excluded.section, order_index=excluded.order_index, exercise_id=excluded.exercise_id, sets=excluded.sets, reps=excluded.reps, rest_sec=excluded.rest_sec, rest_after_sec=excluded.rest_after_sec, notes=excluded.notes;
insert into public.program_day_exercises (id, program_day_id, section, order_index, exercise_id, sets, reps, rest_sec, rest_after_sec, notes) values ('dc4cef4f-ce8f-54cc-9368-ff27ed5e4d98', '7ba0458c-93bb-5451-95e1-5b2565ef46eb', 'main', 1, 'bfac5a77-0709-5b8e-9c8e-368f91175df3', null, '8', null, 30, null) on conflict (id) do update set section=excluded.section, order_index=excluded.order_index, exercise_id=excluded.exercise_id, sets=excluded.sets, reps=excluded.reps, rest_sec=excluded.rest_sec, rest_after_sec=excluded.rest_after_sec, notes=excluded.notes;
insert into public.program_day_exercises (id, program_day_id, section, order_index, exercise_id, sets, reps, rest_sec, rest_after_sec, notes) values ('f90497c3-799e-51ee-a1b9-3ba51b6630e2', '7ba0458c-93bb-5451-95e1-5b2565ef46eb', 'main', 2, 'f86cb5fa-adab-50b4-8dbe-1ce7088e6219', null, '10', null, 30, null) on conflict (id) do update set section=excluded.section, order_index=excluded.order_index, exercise_id=excluded.exercise_id, sets=excluded.sets, reps=excluded.reps, rest_sec=excluded.rest_sec, rest_after_sec=excluded.rest_after_sec, notes=excluded.notes;
insert into public.program_day_exercises (id, program_day_id, section, order_index, exercise_id, sets, reps, rest_sec, rest_after_sec, notes) values ('3cbfdc89-fe04-5ec9-a3c5-304a5598cd38', '7ba0458c-93bb-5451-95e1-5b2565ef46eb', 'main', 3, '676e388c-0072-52b2-8945-ee87f512c415', null, '8 har oyoq', null, 30, null) on conflict (id) do update set section=excluded.section, order_index=excluded.order_index, exercise_id=excluded.exercise_id, sets=excluded.sets, reps=excluded.reps, rest_sec=excluded.rest_sec, rest_after_sec=excluded.rest_after_sec, notes=excluded.notes;
insert into public.program_day_exercises (id, program_day_id, section, order_index, exercise_id, sets, reps, rest_sec, rest_after_sec, notes) values ('2bae5ca5-67c3-5834-a94e-23378ee26056', '7ba0458c-93bb-5451-95e1-5b2565ef46eb', 'main', 4, '8fc8157a-cd49-5977-a26f-add0538b55d9', null, '8', null, 30, null) on conflict (id) do update set section=excluded.section, order_index=excluded.order_index, exercise_id=excluded.exercise_id, sets=excluded.sets, reps=excluded.reps, rest_sec=excluded.rest_sec, rest_after_sec=excluded.rest_after_sec, notes=excluded.notes;
insert into public.program_day_exercises (id, program_day_id, section, order_index, exercise_id, sets, reps, rest_sec, rest_after_sec, notes) values ('1e6fbc20-731a-5667-bf4a-0e166a8c1c7f', '7ba0458c-93bb-5451-95e1-5b2565ef46eb', 'main', 5, 'a22a5ed0-467a-5f61-a56a-7e33e906c159', null, '22 sek', null, 120, null) on conflict (id) do update set section=excluded.section, order_index=excluded.order_index, exercise_id=excluded.exercise_id, sets=excluded.sets, reps=excluded.reps, rest_sec=excluded.rest_sec, rest_after_sec=excluded.rest_after_sec, notes=excluded.notes;
insert into public.program_day_exercises (id, program_day_id, section, order_index, exercise_id, sets, reps, rest_sec, rest_after_sec, notes) values ('6a24cebd-a0e3-5c36-aa83-a00a7ab14ff3', '7ba0458c-93bb-5451-95e1-5b2565ef46eb', 'cooldown', 1, 'ea691eb6-9c59-5809-b82c-0bf47c9248c9', 1, '30 sek', null, null, null) on conflict (id) do update set section=excluded.section, order_index=excluded.order_index, exercise_id=excluded.exercise_id, sets=excluded.sets, reps=excluded.reps, rest_sec=excluded.rest_sec, rest_after_sec=excluded.rest_after_sec, notes=excluded.notes;
insert into public.program_day_exercises (id, program_day_id, section, order_index, exercise_id, sets, reps, rest_sec, rest_after_sec, notes) values ('2e2a34b2-8eb6-530f-aae4-3226a11bcf5a', '7ba0458c-93bb-5451-95e1-5b2565ef46eb', 'cooldown', 2, '7599d168-4a76-5d09-8606-b83ce4a9910a', 1, '30 sek har tomon', null, null, null) on conflict (id) do update set section=excluded.section, order_index=excluded.order_index, exercise_id=excluded.exercise_id, sets=excluded.sets, reps=excluded.reps, rest_sec=excluded.rest_sec, rest_after_sec=excluded.rest_after_sec, notes=excluded.notes;
insert into public.program_day_tasks (id, program_day_id, order_index, type, title, duration_min, target, optional, reward_xp, linked_to) values ('26161fd1-20f6-5005-9311-6f1f0a77b960', '7ba0458c-93bb-5451-95e1-5b2565ef46eb', 0, 'workout', 'Bugungi mashqlarni bajaring', null, null, false, null, 'main_workout') on conflict (id) do update set order_index=excluded.order_index, type=excluded.type, title=excluded.title, duration_min=excluded.duration_min, target=excluded.target, optional=excluded.optional, reward_xp=excluded.reward_xp, linked_to=excluded.linked_to;
insert into public.program_day_tasks (id, program_day_id, order_index, type, title, duration_min, target, optional, reward_xp, linked_to) values ('0eaaf88e-75b4-503e-be00-3c0585dbb0f4', '7ba0458c-93bb-5451-95e1-5b2565ef46eb', 1, 'lifestyle', '7 stakan suv', null, '7 glasses', false, null, null) on conflict (id) do update set order_index=excluded.order_index, type=excluded.type, title=excluded.title, duration_min=excluded.duration_min, target=excluded.target, optional=excluded.optional, reward_xp=excluded.reward_xp, linked_to=excluded.linked_to;
insert into public.program_days (id, program_id, week_no, day_no, weekday, session_title, intro_video_script, is_rest_day, is_test_day, is_milestone_day, format, rounds, total_duration_min, order_index) values ('b60d01d3-4d24-5d68-b66a-2203fe96deff', 'ad2c696c-d3e0-5594-99c4-d342156639a5', 7, 6, 'Shanba', 'DAM OLISH KUNI', null, true, false, false, 'standard', null, null, 6) on conflict (id) do update set weekday=excluded.weekday, session_title=excluded.session_title, intro_video_script=excluded.intro_video_script, is_rest_day=excluded.is_rest_day, is_test_day=excluded.is_test_day, is_milestone_day=excluded.is_milestone_day, format=excluded.format, rounds=excluded.rounds, total_duration_min=excluded.total_duration_min;
insert into public.program_day_tasks (id, program_day_id, order_index, type, title, duration_min, target, optional, reward_xp, linked_to) values ('43079ef6-d2e4-5ba8-abae-f9665b786885', 'b60d01d3-4d24-5d68-b66a-2203fe96deff', 0, 'lifestyle', 'Erkin kun', null, 'optional', false, null, null) on conflict (id) do update set order_index=excluded.order_index, type=excluded.type, title=excluded.title, duration_min=excluded.duration_min, target=excluded.target, optional=excluded.optional, reward_xp=excluded.reward_xp, linked_to=excluded.linked_to;
insert into public.program_days (id, program_id, week_no, day_no, weekday, session_title, intro_video_script, is_rest_day, is_test_day, is_milestone_day, format, rounds, total_duration_min, order_index) values ('41928663-888b-52ff-8637-e8f113270d5e', 'ad2c696c-d3e0-5594-99c4-d342156639a5', 7, 7, 'Yakshanba', 'DAM OLISH + Sharh', null, true, false, false, 'standard', null, null, 7) on conflict (id) do update set weekday=excluded.weekday, session_title=excluded.session_title, intro_video_script=excluded.intro_video_script, is_rest_day=excluded.is_rest_day, is_test_day=excluded.is_test_day, is_milestone_day=excluded.is_milestone_day, format=excluded.format, rounds=excluded.rounds, total_duration_min=excluded.total_duration_min;
insert into public.program_day_tasks (id, program_day_id, order_index, type, title, duration_min, target, optional, reward_xp, linked_to) values ('d91ebab0-eeaa-5b36-bdf9-0d83b08369a5', '41928663-888b-52ff-8637-e8f113270d5e', 0, 'education', '7-hafta yakunlandi! Keyingi hafta — Graduation Test', 3, null, false, null, null) on conflict (id) do update set order_index=excluded.order_index, type=excluded.type, title=excluded.title, duration_min=excluded.duration_min, target=excluded.target, optional=excluded.optional, reward_xp=excluded.reward_xp, linked_to=excluded.linked_to;
insert into public.program_days (id, program_id, week_no, day_no, weekday, session_title, intro_video_script, is_rest_day, is_test_day, is_milestone_day, format, rounds, total_duration_min, order_index) values ('4a258447-2cc2-533d-8d46-d768ef8af4f6', 'ad2c696c-d3e0-5594-99c4-d342156639a5', 8, 1, 'Dushanba', 'Light Full Body (Deload, Moslashtirilgan)', '8-hafta — Phase 1''ning so''nggi haftasi! Bugun yengil mashq bilan testga tayyorlanamiz.', false, false, false, 'standard', null, 24, 1) on conflict (id) do update set weekday=excluded.weekday, session_title=excluded.session_title, intro_video_script=excluded.intro_video_script, is_rest_day=excluded.is_rest_day, is_test_day=excluded.is_test_day, is_milestone_day=excluded.is_milestone_day, format=excluded.format, rounds=excluded.rounds, total_duration_min=excluded.total_duration_min;
insert into public.program_day_exercises (id, program_day_id, section, order_index, exercise_id, sets, reps, rest_sec, rest_after_sec, notes) values ('aea3a347-e874-5813-92a4-957814b3f0ad', '4a258447-2cc2-533d-8d46-d768ef8af4f6', 'warmup', 1, 'e6b0e55b-0237-550d-9acb-6b6f6ddb568e', 1, '20 sek', null, null, null) on conflict (id) do update set section=excluded.section, order_index=excluded.order_index, exercise_id=excluded.exercise_id, sets=excluded.sets, reps=excluded.reps, rest_sec=excluded.rest_sec, rest_after_sec=excluded.rest_after_sec, notes=excluded.notes;
insert into public.program_day_exercises (id, program_day_id, section, order_index, exercise_id, sets, reps, rest_sec, rest_after_sec, notes) values ('5ce36ef2-579a-5202-9ba5-bcb32363d2e7', '4a258447-2cc2-533d-8d46-d768ef8af4f6', 'main', 1, 'f86cb5fa-adab-50b4-8dbe-1ce7088e6219', 2, '8', 90, null, null) on conflict (id) do update set section=excluded.section, order_index=excluded.order_index, exercise_id=excluded.exercise_id, sets=excluded.sets, reps=excluded.reps, rest_sec=excluded.rest_sec, rest_after_sec=excluded.rest_after_sec, notes=excluded.notes;
insert into public.program_day_exercises (id, program_day_id, section, order_index, exercise_id, sets, reps, rest_sec, rest_after_sec, notes) values ('57ac0a9d-f24f-5c28-bec0-ef5fc0bb3cc1', '4a258447-2cc2-533d-8d46-d768ef8af4f6', 'main', 2, 'bfac5a77-0709-5b8e-9c8e-368f91175df3', 2, '6', 90, null, null) on conflict (id) do update set section=excluded.section, order_index=excluded.order_index, exercise_id=excluded.exercise_id, sets=excluded.sets, reps=excluded.reps, rest_sec=excluded.rest_sec, rest_after_sec=excluded.rest_after_sec, notes=excluded.notes;
insert into public.program_day_exercises (id, program_day_id, section, order_index, exercise_id, sets, reps, rest_sec, rest_after_sec, notes) values ('dfc954c6-88fb-5cb3-baf5-6967ae8dcedf', '4a258447-2cc2-533d-8d46-d768ef8af4f6', 'main', 3, 'a22a5ed0-467a-5f61-a56a-7e33e906c159', 2, '20 sek', 75, null, null) on conflict (id) do update set section=excluded.section, order_index=excluded.order_index, exercise_id=excluded.exercise_id, sets=excluded.sets, reps=excluded.reps, rest_sec=excluded.rest_sec, rest_after_sec=excluded.rest_after_sec, notes=excluded.notes;
insert into public.program_day_exercises (id, program_day_id, section, order_index, exercise_id, sets, reps, rest_sec, rest_after_sec, notes) values ('75a43903-b208-54ce-bbc9-c800e8a27dda', '4a258447-2cc2-533d-8d46-d768ef8af4f6', 'cooldown', 1, 'ea691eb6-9c59-5809-b82c-0bf47c9248c9', 1, '50 sek', null, null, null) on conflict (id) do update set section=excluded.section, order_index=excluded.order_index, exercise_id=excluded.exercise_id, sets=excluded.sets, reps=excluded.reps, rest_sec=excluded.rest_sec, rest_after_sec=excluded.rest_after_sec, notes=excluded.notes;
insert into public.program_day_tasks (id, program_day_id, order_index, type, title, duration_min, target, optional, reward_xp, linked_to) values ('9147d4da-fd38-50f8-b809-efbfba4def4a', '4a258447-2cc2-533d-8d46-d768ef8af4f6', 0, 'workout', 'Bugungi yengil mashqlarni bajaring', null, null, false, null, 'main_workout') on conflict (id) do update set order_index=excluded.order_index, type=excluded.type, title=excluded.title, duration_min=excluded.duration_min, target=excluded.target, optional=excluded.optional, reward_xp=excluded.reward_xp, linked_to=excluded.linked_to;
insert into public.program_day_tasks (id, program_day_id, order_index, type, title, duration_min, target, optional, reward_xp, linked_to) values ('c04312f1-7957-561f-b721-a9f40c80d0aa', '4a258447-2cc2-533d-8d46-d768ef8af4f6', 1, 'lifestyle', '7 stakan suv', null, '7 glasses', false, null, null) on conflict (id) do update set order_index=excluded.order_index, type=excluded.type, title=excluded.title, duration_min=excluded.duration_min, target=excluded.target, optional=excluded.optional, reward_xp=excluded.reward_xp, linked_to=excluded.linked_to;
insert into public.program_days (id, program_id, week_no, day_no, weekday, session_title, intro_video_script, is_rest_day, is_test_day, is_milestone_day, format, rounds, total_duration_min, order_index) values ('34f79b22-17ab-5dfd-a37f-cbb8a932a220', 'ad2c696c-d3e0-5594-99c4-d342156639a5', 8, 2, 'Seshanba', 'DAM OLISH KUNI', null, true, false, false, 'standard', null, null, 2) on conflict (id) do update set weekday=excluded.weekday, session_title=excluded.session_title, intro_video_script=excluded.intro_video_script, is_rest_day=excluded.is_rest_day, is_test_day=excluded.is_test_day, is_milestone_day=excluded.is_milestone_day, format=excluded.format, rounds=excluded.rounds, total_duration_min=excluded.total_duration_min;
insert into public.program_day_tasks (id, program_day_id, order_index, type, title, duration_min, target, optional, reward_xp, linked_to) values ('e2a95727-e7ca-5868-8eb6-d010344fe33a', '34f79b22-17ab-5dfd-a37f-cbb8a932a220', 0, 'lifestyle', 'Yengil sayr', null, 'optional', false, null, null) on conflict (id) do update set order_index=excluded.order_index, type=excluded.type, title=excluded.title, duration_min=excluded.duration_min, target=excluded.target, optional=excluded.optional, reward_xp=excluded.reward_xp, linked_to=excluded.linked_to;
insert into public.program_day_tasks (id, program_day_id, order_index, type, title, duration_min, target, optional, reward_xp, linked_to) values ('81b20bd3-4061-53cb-9fc8-abcf7275ff7e', '34f79b22-17ab-5dfd-a37f-cbb8a932a220', 1, 'lifestyle', '7 stakan suv', null, '7 glasses', false, null, null) on conflict (id) do update set order_index=excluded.order_index, type=excluded.type, title=excluded.title, duration_min=excluded.duration_min, target=excluded.target, optional=excluded.optional, reward_xp=excluded.reward_xp, linked_to=excluded.linked_to;
insert into public.program_days (id, program_id, week_no, day_no, weekday, session_title, intro_video_script, is_rest_day, is_test_day, is_milestone_day, format, rounds, total_duration_min, order_index) values ('442683c5-934c-5bee-876a-647eac304534', 'ad2c696c-d3e0-5594-99c4-d342156639a5', 8, 3, 'Chorshanba', 'Mobility & To''liq Tiklanish', 'Bugun faqat cho''zish — testga to''liq tiklanish bilan kirishingiz uchun.', false, false, false, 'standard', null, 18, 3) on conflict (id) do update set weekday=excluded.weekday, session_title=excluded.session_title, intro_video_script=excluded.intro_video_script, is_rest_day=excluded.is_rest_day, is_test_day=excluded.is_test_day, is_milestone_day=excluded.is_milestone_day, format=excluded.format, rounds=excluded.rounds, total_duration_min=excluded.total_duration_min;
insert into public.program_day_exercises (id, program_day_id, section, order_index, exercise_id, sets, reps, rest_sec, rest_after_sec, notes) values ('8df2b0e0-2812-579d-9f06-ad965c5beb35', '442683c5-934c-5bee-876a-647eac304534', 'main', 1, '50dda5c0-8a74-5986-8336-c026ead2fe51', 1, '30 sek har oyoq', null, null, null) on conflict (id) do update set section=excluded.section, order_index=excluded.order_index, exercise_id=excluded.exercise_id, sets=excluded.sets, reps=excluded.reps, rest_sec=excluded.rest_sec, rest_after_sec=excluded.rest_after_sec, notes=excluded.notes;
insert into public.program_day_exercises (id, program_day_id, section, order_index, exercise_id, sets, reps, rest_sec, rest_after_sec, notes) values ('7e33b9f0-083f-58b7-99df-5b35fa84d96c', '442683c5-934c-5bee-876a-647eac304534', 'main', 2, '7599d168-4a76-5d09-8606-b83ce4a9910a', 1, '30 sek har tomon', null, null, null) on conflict (id) do update set section=excluded.section, order_index=excluded.order_index, exercise_id=excluded.exercise_id, sets=excluded.sets, reps=excluded.reps, rest_sec=excluded.rest_sec, rest_after_sec=excluded.rest_after_sec, notes=excluded.notes;
insert into public.program_day_exercises (id, program_day_id, section, order_index, exercise_id, sets, reps, rest_sec, rest_after_sec, notes) values ('a0db1ad6-9731-5013-bada-111a65487315', '442683c5-934c-5bee-876a-647eac304534', 'main', 3, '40387dcc-25f6-5bb7-bf90-98296c6f7157', 1, '60 sek', null, null, null) on conflict (id) do update set section=excluded.section, order_index=excluded.order_index, exercise_id=excluded.exercise_id, sets=excluded.sets, reps=excluded.reps, rest_sec=excluded.rest_sec, rest_after_sec=excluded.rest_after_sec, notes=excluded.notes;
insert into public.program_day_tasks (id, program_day_id, order_index, type, title, duration_min, target, optional, reward_xp, linked_to) values ('7c6bbdf9-644a-55f5-982f-2716aee39b9e', '442683c5-934c-5bee-876a-647eac304534', 0, 'workout', 'Mobility mashqlarini bajaring', null, null, false, null, 'main_workout') on conflict (id) do update set order_index=excluded.order_index, type=excluded.type, title=excluded.title, duration_min=excluded.duration_min, target=excluded.target, optional=excluded.optional, reward_xp=excluded.reward_xp, linked_to=excluded.linked_to;
insert into public.program_day_tasks (id, program_day_id, order_index, type, title, duration_min, target, optional, reward_xp, linked_to) values ('e86e60ed-9916-597e-8213-d45879c395da', '442683c5-934c-5bee-876a-647eac304534', 1, 'lifestyle', '7 stakan suv', null, '7 glasses', false, null, null) on conflict (id) do update set order_index=excluded.order_index, type=excluded.type, title=excluded.title, duration_min=excluded.duration_min, target=excluded.target, optional=excluded.optional, reward_xp=excluded.reward_xp, linked_to=excluded.linked_to;
insert into public.program_days (id, program_id, week_no, day_no, weekday, session_title, intro_video_script, is_rest_day, is_test_day, is_milestone_day, format, rounds, total_duration_min, order_index) values ('3c32e950-264a-511c-be78-f4fd7c1fef2c', 'ad2c696c-d3e0-5594-99c4-d342156639a5', 8, 4, 'Payshanba', 'DAM OLISH KUNI', null, true, false, false, 'standard', null, null, 4) on conflict (id) do update set weekday=excluded.weekday, session_title=excluded.session_title, intro_video_script=excluded.intro_video_script, is_rest_day=excluded.is_rest_day, is_test_day=excluded.is_test_day, is_milestone_day=excluded.is_milestone_day, format=excluded.format, rounds=excluded.rounds, total_duration_min=excluded.total_duration_min;
insert into public.program_day_tasks (id, program_day_id, order_index, type, title, duration_min, target, optional, reward_xp, linked_to) values ('77c01f84-35f5-5b58-8119-93b68c80fd01', '3c32e950-264a-511c-be78-f4fd7c1fef2c', 0, 'lifestyle', 'Erkin kun, ertangi testga tayyorlaning', null, 'optional', false, null, null) on conflict (id) do update set order_index=excluded.order_index, type=excluded.type, title=excluded.title, duration_min=excluded.duration_min, target=excluded.target, optional=excluded.optional, reward_xp=excluded.reward_xp, linked_to=excluded.linked_to;
insert into public.program_days (id, program_id, week_no, day_no, weekday, session_title, intro_video_script, is_rest_day, is_test_day, is_milestone_day, format, rounds, total_duration_min, order_index) values ('8391473d-4a89-55c7-98fa-4790736b2f2d', 'ad2c696c-d3e0-5594-99c4-d342156639a5', 8, 5, 'Juma', '🏆 GRADUATION TEST — 2-Oy Yakuni (Moslashtirilgan)', 'Bu kun — Beginner darajaning yakuniy testi! O''z tempingizda qanchalik rivojlanganingizni ko''ring.', false, true, true, 'standard', null, 26, 5) on conflict (id) do update set weekday=excluded.weekday, session_title=excluded.session_title, intro_video_script=excluded.intro_video_script, is_rest_day=excluded.is_rest_day, is_test_day=excluded.is_test_day, is_milestone_day=excluded.is_milestone_day, format=excluded.format, rounds=excluded.rounds, total_duration_min=excluded.total_duration_min;
insert into public.program_day_tasks (id, program_day_id, order_index, type, title, duration_min, target, optional, reward_xp, linked_to) values ('da23f0dc-61c4-5434-a224-b6ff67c04a90', '8391473d-4a89-55c7-98fa-4790736b2f2d', 0, 'workout', 'Graduation testni bajaring', null, null, false, null, 'fitness_test') on conflict (id) do update set order_index=excluded.order_index, type=excluded.type, title=excluded.title, duration_min=excluded.duration_min, target=excluded.target, optional=excluded.optional, reward_xp=excluded.reward_xp, linked_to=excluded.linked_to;
insert into public.program_day_tasks (id, program_day_id, order_index, type, title, duration_min, target, optional, reward_xp, linked_to) values ('1b5c074e-e2b3-5137-b506-7420e47d54c3', '8391473d-4a89-55c7-98fa-4790736b2f2d', 1, 'lifestyle', 'Progress foto oling', null, 'photo', false, null, null) on conflict (id) do update set order_index=excluded.order_index, type=excluded.type, title=excluded.title, duration_min=excluded.duration_min, target=excluded.target, optional=excluded.optional, reward_xp=excluded.reward_xp, linked_to=excluded.linked_to;
insert into public.program_day_tasks (id, program_day_id, order_index, type, title, duration_min, target, optional, reward_xp, linked_to) values ('000ea4f7-e3ff-5279-84cf-db8037cc7da8', '8391473d-4a89-55c7-98fa-4790736b2f2d', 2, 'lifestyle', '7 stakan suv', null, '7 glasses', false, null, null) on conflict (id) do update set order_index=excluded.order_index, type=excluded.type, title=excluded.title, duration_min=excluded.duration_min, target=excluded.target, optional=excluded.optional, reward_xp=excluded.reward_xp, linked_to=excluded.linked_to;
insert into public.program_day_tests (id, program_day_id, order_index, test_key, name, exercise_id, instructions, log_type) values ('ca9b84d7-7f53-5e3b-bdf3-5eb11f4244e5', '8391473d-4a89-55c7-98fa-4790736b2f2d', 0, 'max_pushup_knee', 'Maksimal Tizzada Push-up (1 daqiqada)', 'bfac5a77-0709-5b8e-9c8e-368f91175df3', '1 daqiqa ichida qancha Tizzada Push-up bajara olasiz', 'count') on conflict (id) do update set order_index=excluded.order_index, test_key=excluded.test_key, name=excluded.name, exercise_id=excluded.exercise_id, instructions=excluded.instructions, log_type=excluded.log_type;
insert into public.program_day_tests (id, program_day_id, order_index, test_key, name, exercise_id, instructions, log_type) values ('56edc7b9-b27e-5db5-8f0d-2f60c47d8e02', '8391473d-4a89-55c7-98fa-4790736b2f2d', 1, 'knee_plank_hold', 'Tizzada Plank vaqti', 'a22a5ed0-467a-5f61-a56a-7e33e906c159', 'Qancha vaqt tura olasiz', 'seconds') on conflict (id) do update set order_index=excluded.order_index, test_key=excluded.test_key, name=excluded.name, exercise_id=excluded.exercise_id, instructions=excluded.instructions, log_type=excluded.log_type;
insert into public.program_day_tests (id, program_day_id, order_index, test_key, name, exercise_id, instructions, log_type) values ('fa723b2b-f394-5991-9e8e-f9d14f20501c', '8391473d-4a89-55c7-98fa-4790736b2f2d', 2, 'squat_count', 'Maksimal Oddiy Squat (1 daqiqada)', 'f86cb5fa-adab-50b4-8dbe-1ce7088e6219', '1 daqiqada qancha Oddiy Squat bajara olasiz', 'count') on conflict (id) do update set order_index=excluded.order_index, test_key=excluded.test_key, name=excluded.name, exercise_id=excluded.exercise_id, instructions=excluded.instructions, log_type=excluded.log_type;
insert into public.program_day_tests (id, program_day_id, order_index, test_key, name, exercise_id, instructions, log_type) values ('19808021-8ac0-5f2d-bb5f-40598e5bf401', '8391473d-4a89-55c7-98fa-4790736b2f2d', 3, 'walk_1km', '1 km yurish vaqti', null, '1 km masofani o''z tempingizda qancha vaqtda bosib o''tasiz', 'minutes') on conflict (id) do update set order_index=excluded.order_index, test_key=excluded.test_key, name=excluded.name, exercise_id=excluded.exercise_id, instructions=excluded.instructions, log_type=excluded.log_type;
insert into public.program_days (id, program_id, week_no, day_no, weekday, session_title, intro_video_script, is_rest_day, is_test_day, is_milestone_day, format, rounds, total_duration_min, order_index) values ('fc3bb54a-a116-56ff-a24d-4aefca7c7d5d', 'ad2c696c-d3e0-5594-99c4-d342156639a5', 8, 6, 'Shanba', 'DAM OLISH KUNI', null, true, false, false, 'standard', null, null, 6) on conflict (id) do update set weekday=excluded.weekday, session_title=excluded.session_title, intro_video_script=excluded.intro_video_script, is_rest_day=excluded.is_rest_day, is_test_day=excluded.is_test_day, is_milestone_day=excluded.is_milestone_day, format=excluded.format, rounds=excluded.rounds, total_duration_min=excluded.total_duration_min;
insert into public.program_day_tasks (id, program_day_id, order_index, type, title, duration_min, target, optional, reward_xp, linked_to) values ('33520426-92bd-5ef4-a4c3-77983d41614a', 'fc3bb54a-a116-56ff-a24d-4aefca7c7d5d', 0, 'lifestyle', 'Erkin kun', null, 'optional', false, null, null) on conflict (id) do update set order_index=excluded.order_index, type=excluded.type, title=excluded.title, duration_min=excluded.duration_min, target=excluded.target, optional=excluded.optional, reward_xp=excluded.reward_xp, linked_to=excluded.linked_to;
insert into public.program_days (id, program_id, week_no, day_no, weekday, session_title, intro_video_script, is_rest_day, is_test_day, is_milestone_day, format, rounds, total_duration_min, order_index) values ('28711a45-5d39-523f-956e-02a18a433d90', 'ad2c696c-d3e0-5594-99c4-d342156639a5', 8, 7, 'Yakshanba', '🎓 PHASE 1 YAKUNI — Tabriklaymiz!', null, true, false, true, 'standard', null, null, 7) on conflict (id) do update set weekday=excluded.weekday, session_title=excluded.session_title, intro_video_script=excluded.intro_video_script, is_rest_day=excluded.is_rest_day, is_test_day=excluded.is_test_day, is_milestone_day=excluded.is_milestone_day, format=excluded.format, rounds=excluded.rounds, total_duration_min=excluded.total_duration_min;
insert into public.program_day_tasks (id, program_day_id, order_index, type, title, duration_min, target, optional, reward_xp, linked_to) values ('7b8537c5-f619-50c8-ba53-e9c32ce7029b', '28711a45-5d39-523f-956e-02a18a433d90', 0, 'education', 'Tabriklaymiz! Beginner darajani o''z tempingizda yakunladingiz', 4, null, false, null, null) on conflict (id) do update set order_index=excluded.order_index, type=excluded.type, title=excluded.title, duration_min=excluded.duration_min, target=excluded.target, optional=excluded.optional, reward_xp=excluded.reward_xp, linked_to=excluded.linked_to;
insert into public.program_day_tasks (id, program_day_id, order_index, type, title, duration_min, target, optional, reward_xp, linked_to) values ('db51a33e-55d7-5b9f-bc59-37270c194ddf', '28711a45-5d39-523f-956e-02a18a433d90', 1, 'lifestyle', 'Badge oling: ''Beginner Graduate'' 🎓', null, 'badge_unlock', false, null, null) on conflict (id) do update set order_index=excluded.order_index, type=excluded.type, title=excluded.title, duration_min=excluded.duration_min, target=excluded.target, optional=excluded.optional, reward_xp=excluded.reward_xp, linked_to=excluded.linked_to;
